12.10.2021 19:58:17:110,TP97753,A BOT_moral,Ask,5,3, 1,1, -4,2,-5,3, 1,1, -3,7,B
12.10.2021 19:58:18:271,TP97753,C BOT_moral,EnterTP,-4,7, 1,1, 3,3,
12.10.2021 19:58:21:456,TP97753,C BOT_moral,Thank,-5,0, 1,1, 0,2,5,3, 1,1, -4,2,A BOT_moral
12.10.2021 19:58:25:586,TP97753,C BOT_moral,exitTP,-5,2, 1,1, -2,6,
12.10.2021 19:58:25:619,TP97753,A BOT_moral,EnterTP,5,3, 1,1, -2,6,
12.10.2021 19:58:25:773,TP97753,A BOT_moral,Activated,5,3, 1,1, -2,5,
1,0.09,-0.9,0.09,1,0.09,
0.83,0.81,-0.81,0.08,1,0.81,
1,0.09,-0.9,0.09,1,0.09,
0.83,0.81,-0.81,0.08,1,0.81,
12.10.2021 19:58:28:203,TP97753,C BOT_moral,EnterTP,-5,1, 1,1, -2,6,
1,0.09,-0.9,0.09,1,0.09,
0.83,0.81,-0.81,0.08,1,0.81,
1,0.09,-0.9,0.09,1,0.09,
0.83,0.81,-0.81,0.08,1,0.81,
1,0.09,-0.9,0.09,1,0.09,
0.83,0.81,-0.81,0.08,1,0.81,
1,0.09,-0.9,0.09,1,0.09,
0.83,0.81,-0.81,0.08,1,0.81,
1,0.09,-0.9,0.09,1,0.09,
0.83,0.81,-0.81,0.08,1,0.81,
1,0.09,-0.9,0.09,1,0.09,
0.83,0.81,-0.81,0.08,1,0.81,
1,0.09,-0.9,0.09,1,0.09,
0.83,0.81,-0.81,0.08,1,0.81,
1,0.09,-0.9,0.09,1,0.09,
0.83,0.81,-0.81,0.08,1,0.81,
1,0.09,-0.9,0.09,1,0.09,
0.83,0.81,-0.81,0.08,1,0.81,
1,0.09,-0.9,0.09,1,0.09,
0.83,0.81,-0.81,0.08,1,0.81,
1,0.09,-0.9,0.09,1,0.09,
0.83,0.81,-0.81,0.08,1,0.81,
1,0.09,-0.9,0.09,1,0.09,
0.83,0.81,-0.81,0.08,1,0.81,
1,0.09,-0.9,0.09,1,0.09,
0.83,0.81,-0.81,0.08,1,0.81,
1,0.09,-0.9,0.09,1,0.09,
0.83,0.81,-0.81,0.08,1,0.81,
1,0.09,-0.9,0.09,1,0.09,
0.83,0.81,-0.81,0.08,1,0.81,
1,0.09,-0.9,0.09,1,0.09,
0.83,0.81,-0.81,0.08,1,0.81,
1,0.09,-0.9,0.09,1,0.09,
0.83,0.81,-0.81,0.08,1,0.81,
1,0.09,-0.9,0.09,1,0.09,
0.83,0.81,-0.81,0.08,1,0.81,
1,0.09,-0.9,0.09,1,0.09,
0.83,0.81,-0.81,0.08,1,0.81,
1,0.09,-0.9,0.09,1,0.09,
0.83,0.81,-0.81,0.08,1,0.81,
1,0.09,-0.9,0.09,1,0.09,
0.83,0.81,-0.81,0.08,1,0.81,
1,0.09,-0.9,0.09,1,0.09,
0.83,0.81,-0.81,0.08,1,0.81,
1,0.09,-0.9,0.09,1,0.09,
0.83,0.81,-0.81,0.08,1,0.81,
1,0.09,-0.9,0.09,1,0.09,
0.83,0.81,-0.81,0.08,1,0.81,
1,0.09,-0.9,0.09,1,0.09,
0.83,0.81,-0.81,0.08,1,0.81,
1,0.09,-0.9,0.09,1,0.09,
0.83,0.81,-0.81,0.08,1,0.81,
1,0.09,-0.9,0.09,1,0.09,
0.83,0.81,-0.81,0.08,1,0.81,
1,0.09,-0.9,0.09,1,0.09,
0.83,0.81,-0.81,0.08,1,0.81,
1,0.09,-0.9,0.09,1,0.09,
0.83,0.81,-0.81,0.08,1,0.81,
12.10.2021 19:58:31:102,TP97753,A BOT_moral,exitTP,2,2, 1,1, -0,6,
1,0.09,-0.9,0.09,1,0.09,
0.83,0.81,-0.81,0.08,1,0.81,
1,0.09,-0.9,0.09,1,0.09,
0.83,0.81,-0.81,0.08,1,0.81,
1,0.09,-0.9,0.09,1,0.09,
0.83,0.81,-0.81,0.08,1,0.81,
1,0.09,-0.9,0.09,1,0.09,
0.83,0.81,-0.81,0.08,1,0.81,
1,0.09,-0.9,0.09,1,0.09,
0.83,0.81,-0.81,0.08,1,0.81,
1,0.09,-0.9,0.09,1,0.09,
0.83,0.81,-0.81,0.08,1,0.81,
1,0.09,-0.9,0.09,1,0.09,
0.83,0.81,-0.81,0.08,1,0.81,
1,0.09,-0.9,0.09,1,0.09,
0.83,0.81,-0.81,0.08,1,0.81,
1,0.09,-0.9,0.09,1,0.09,
0.83,0.81,-0.81,0.08,1,0.81,
1,0.09,-0.9,0.09,1,0.09,
0.83,0.81,-0.81,0.08,1,0.81,
1,0.09,-0.9,0.09,1,0.09,
0.83,0.81,-0.81,0.08,1,0.81,
1,0.09,-0.9,0.09,1,0.09,
0.83,0.81,-0.81,0.08,1,0.81,
1,0.09,-0.9,0.09,1,0.09,
0.83,0.81,-0.81,0.08,1,0.81,
1,0.09,-0.9,0.09,1,0.09,
0.83,0.81,-0.81,0.08,1,0.81,
1,0.09,-0.9,0.09,1,0.09,
0.83,0.81,-0.81,0.08,1,0.81,
1,0.09,-0.9,0.09,1,0.09,
0.83,0.81,-0.81,0.08,1,0.81,
1,0.09,-0.9,0.09,1,0.09,
0.83,0.81,-0.81,0.08,1,0.81,
1,0.09,-0.9,0.09,1,0.09,
0.83,0.81,-0.81,0.08,1,0.81,
1,0.09,-0.9,0.09,1,0.09,
0.83,0.81,-0.81,0.08,1,0.81,
1,0.09,-0.9,0.09,1,0.09,
0.83,0.81,-0.81,0.08,1,0.81,
1,0.09,-0.9,0.09,1,0.09,
0.83,0.81,-0.81,0.08,1,0.81,
1,0.09,-0.9,0.09,1,0.09,
0.83,0.81,-0.81,0.08,1,0.81,
1,0.09,-0.9,0.09,1,0.09,
0.83,0.81,-0.81,0.08,1,0.81,
1,0.09,-0.9,0.09,1,0.09,
0.83,0.81,-0.81,0.08,1,0.81,
1,0.09,-0.9,0.09,1,0.09,
0.83,0.81,-0.81,0.08,1,0.81,
1,0.09,-0.9,0.09,1,0.09,
0.83,0.81,-0.81,0.08,1,0.81,
12.10.2021 19:58:33:734,TP97753,A BOT_moral,Thank,-0,4, 1,1, -0,2,-4,2, 1,1, 0,4,C BOT_moral
1,0.09,-0.9,0.09,1,0.09,
0.83,0.81,-0.81,0.08,1,0.81,
1,0.09,-0.9,0.09,1,0.09,
0.83,0.81,-0.81,0.08,1,0.81,
1,0.09,-0.9,0.09,1,0.09,
0.83,0.81,-0.81,0.08,1,0.81,
1,0.09,-0.9,0.09,1,0.09,
0.83,0.81,-0.81,0.08,1,0.81,
1,0.09,-0.9,0.09,1,0.09,
0.83,0.81,-0.81,0.08,1,0.81,
1,0.09,-0.9,0.09,1,0.09,
0.83,0.81,-0.81,0.08,1,0.81,
1,0.09,-0.9,0.09,1,0.09,
0.83,0.81,-0.81,0.08,1,0.81,
12.10.2021 19:58:34:402,TP97753,C BOT_moral,Activated,-4,2, 1,1, 0,4,
0.95,0.08,-0.9,0.09,1,0.08,
0.83,0.81,-0.81,0.08,1,0.81,
0.95,0.08,-0.9,0.09,1,0.08,
0.83,0.81,-0.81,0.08,1,0.81,
12.10.2021 19:58:34:584,TP97753,A BOT_moral,EnterTP,-1,2, 1,1, -0,1,
0.95,0.08,-0.9,0.09,1,0.08,
0.83,0.81,-0.81,0.08,1,0.81,
0.95,0.08,-0.9,0.09,1,0.08,
0.83,0.81,-0.81,0.08,1,0.81,
0.95,0.08,-0.9,0.09,1,0.08,
0.83,0.81,-0.81,0.08,1,0.81,
0.95,0.08,-0.9,0.09,1,0.08,
0.83,0.81,-0.81,0.08,1,0.81,
0.95,0.08,-0.9,0.09,1,0.08,
0.83,0.81,-0.81,0.08,1,0.81,
0.95,0.08,-0.9,0.09,1,0.08,
0.83,0.81,-0.81,0.08,1,0.81,
0.95,0.08,-0.9,0.09,1,0.08,
0.83,0.81,-0.81,0.08,1,0.81,
0.95,0.08,-0.9,0.09,1,0.08,
0.83,0.81,-0.81,0.08,1,0.81,
0.95,0.08,-0.9,0.09,1,0.08,
0.83,0.81,-0.81,0.08,1,0.81,
0.95,0.08,-0.9,0.09,1,0.08,
0.83,0.81,-0.81,0.08,1,0.81,
0.95,0.08,-0.9,0.09,1,0.08,
0.83,0.81,-0.81,0.08,1,0.81,
0.95,0.08,-0.9,0.09,1,0.08,
0.83,0.81,-0.81,0.08,1,0.81,
0.95,0.08,-0.9,0.09,1,0.08,
0.83,0.81,-0.81,0.08,1,0.81,
0.95,0.08,-0.9,0.09,1,0.08,
0.83,0.81,-0.81,0.08,1,0.81,
0.95,0.08,-0.9,0.09,1,0.08,
0.83,0.81,-0.81,0.08,1,0.81,
0.95,0.08,-0.9,0.09,1,0.08,
0.83,0.81,-0.81,0.08,1,0.81,
0.95,0.08,-0.9,0.09,1,0.08,
0.83,0.81,-0.81,0.08,1,0.81,
0.95,0.08,-0.9,0.09,1,0.08,
0.83,0.81,-0.81,0.08,1,0.81,
0.95,0.08,-0.9,0.09,1,0.08,
0.83,0.81,-0.81,0.08,1,0.81,
0.95,0.08,-0.9,0.09,1,0.08,
0.83,0.81,-0.81,0.08,1,0.81,
0.95,0.08,-0.9,0.09,1,0.08,
0.83,0.81,-0.81,0.08,1,0.81,
0.95,0.08,-0.9,0.09,1,0.08,
0.83,0.81,-0.81,0.08,1,0.81,
0.95,0.08,-0.9,0.09,1,0.08,
0.83,0.81,-0.81,0.08,1,0.81,
0.95,0.08,-0.9,0.09,1,0.08,
0.83,0.81,-0.81,0.08,1,0.81,
0.95,0.08,-0.9,0.09,1,0.08,
0.83,0.81,-0.81,0.08,1,0.81,
0.95,0.08,-0.9,0.09,1,0.08,
0.83,0.81,-0.81,0.08,1,0.81,
0.95,0.08,-0.9,0.09,1,0.08,
0.83,0.81,-0.81,0.08,1,0.81,
0.95,0.08,-0.9,0.09,1,0.08,
0.83,0.81,-0.81,0.08,1,0.81,
0.95,0.08,-0.9,0.09,1,0.08,
0.83,0.81,-0.81,0.08,1,0.81,
0.95,0.08,-0.9,0.09,1,0.08,
0.83,0.81,-0.81,0.08,1,0.81,
0.95,0.08,-0.9,0.09,1,0.08,
0.83,0.81,-0.81,0.08,0.87,0.81,
0.95,0.08,-0.9,0.09,1,0.08,
0.83,0.81,-0.81,0.08,0.87,0.81,
0.95,0.08,-0.9,0.09,1,0.08,
0.83,0.81,-0.81,0.08,0.87,0.81,
0.95,0.08,-0.9,0.09,1,0.08,
0.83,0.81,-0.81,0.08,0.87,0.81,
0.95,0.08,-0.9,0.09,1,0.08,
0.83,0.81,-0.81,0.08,0.87,0.81,
0.95,0.08,-0.9,0.09,1,0.08,
0.83,0.81,-0.81,0.08,0.87,0.81,
0.95,0.08,-0.9,0.09,1,0.08,
0.83,0.81,-0.81,0.08,0.87,0.81,
0.95,0.08,-0.9,0.09,1,0.08,
0.83,0.81,-0.81,0.08,0.87,0.81,
0.95,0.08,-0.9,0.09,1,0.08,
0.83,0.81,-0.81,0.08,0.87,0.81,
0.95,0.08,-0.9,0.09,1,0.08,
0.83,0.81,-0.81,0.08,0.87,0.81,
0.95,0.08,-0.9,0.09,1,0.08,
0.83,0.81,-0.81,0.08,0.87,0.81,
0.95,0.08,-0.9,0.09,1,0.08,
0.83,0.81,-0.81,0.08,0.87,0.81,
0.95,0.08,-0.9,0.09,1,0.08,
0.83,0.81,-0.81,0.08,0.87,0.81,
0.95,0.08,-0.9,0.09,1,0.08,
0.83,0.81,-0.81,0.08,0.87,0.81,
0.95,0.08,-0.9,0.09,1,0.08,
0.83,0.81,-0.81,0.08,0.87,0.81,
12.10.2021 19:58:39:99,TP97753,A BOT_moral,exitTP,-1,2, 1,1, 0,0,
0.95,0.08,-0.9,0.09,1,0.08,
0.83,0.81,-0.81,0.08,0.87,0.81,
0.95,0.08,-0.9,0.09,1,0.08,
0.83,0.81,-0.81,0.08,0.87,0.81,
0.95,0.08,-0.9,0.09,1,0.08,
0.83,0.81,-0.81,0.08,0.87,0.81,
0.95,0.08,-0.9,0.09,1,0.08,
0.83,0.81,-0.81,0.08,0.87,0.81,
0.95,0.08,-0.9,0.09,1,0.08,
0.83,0.81,-0.81,0.08,0.87,0.81,
0.95,0.08,-0.9,0.09,1,0.08,
0.83,0.81,-0.81,0.08,0.87,0.81,
0.95,0.08,-0.9,0.09,1,0.08,
0.83,0.81,-0.81,0.08,0.87,0.81,
0.95,0.08,-0.9,0.09,1,0.08,
0.83,0.81,-0.81,0.08,0.87,0.81,
0.95,0.08,-0.9,0.09,1,0.08,
0.83,0.81,-0.81,0.08,0.87,0.81,
0.95,0.08,-0.9,0.09,1,0.08,
0.83,0.81,-0.81,0.08,0.87,0.81,
0.95,0.08,-0.9,0.09,1,0.08,
0.83,0.81,-0.81,0.08,0.87,0.81,
0.95,0.08,-0.9,0.09,1,0.08,
0.83,0.81,-0.81,0.08,0.87,0.81,
0.95,0.08,-0.9,0.09,1,0.08,
0.83,0.81,-0.81,0.08,0.87,0.81,
0.95,0.08,-0.9,0.09,1,0.08,
0.83,0.81,-0.81,0.08,0.87,0.81,
0.95,0.08,-0.9,0.09,1,0.08,
0.83,0.81,-0.81,0.08,0.87,0.81,
0.95,0.08,-0.9,0.09,1,0.08,
0.83,0.81,-0.81,0.08,0.87,0.81,
0.95,0.08,-0.9,0.09,1,0.08,
0.83,0.81,-0.81,0.08,0.87,0.81,
0.95,0.08,-0.9,0.09,1,0.08,
0.83,0.81,-0.81,0.08,0.87,0.81,
0.95,0.08,-0.9,0.09,1,0.08,
0.83,0.81,-0.81,0.08,0.87,0.81,
0.95,0.08,-0.9,0.09,1,0.08,
0.83,0.81,-0.81,0.08,0.87,0.81,
0.95,0.08,-0.9,0.09,1,0.08,
0.83,0.81,-0.81,0.08,0.87,0.81,
0.95,0.08,-0.9,0.09,1,0.08,
0.83,0.81,-0.81,0.08,0.87,0.81,
0.95,0.08,-0.9,0.09,1,0.08,
0.83,0.81,-0.81,0.08,0.87,0.81,
0.95,0.08,-0.9,0.09,1,0.08,
0.83,0.81,-0.81,0.08,0.87,0.81,
0.95,0.08,-0.9,0.09,1,0.08,
0.83,0.81,-0.81,0.08,0.87,0.81,
0.95,0.08,-0.9,0.09,1,0.08,
0.83,0.81,-0.81,0.08,0.87,0.81,
0.95,0.08,-0.9,0.09,1,0.08,
0.83,0.81,-0.81,0.08,0.87,0.81,
0.95,0.08,-0.9,0.09,1,0.08,
0.83,0.81,-0.81,0.08,0.87,0.81,
0.95,0.08,-0.9,0.09,1,0.08,
0.83,0.81,-0.81,0.08,0.87,0.81,
12.10.2021 19:58:42:33,TP97753,C BOT_moral,Ask,-4,2, 1,1, 0,4,1,7, 1,1, 0,2,A BOT_moral
0.87,0.05,-0.81,0.07,0.83,0.05,
0.83,0.81,-0.81,0.08,0.87,0.81,
0.87,0.05,-0.81,0.07,0.83,0.05,
0.83,0.81,-0.81,0.08,0.87,0.81,
0.87,0.05,-0.81,0.07,0.83,0.05,
0.83,0.81,-0.81,0.08,0.87,0.81,
0.87,0.05,-0.81,0.07,0.83,0.05,
0.83,0.81,-0.81,0.08,0.87,0.81,
0.87,0.05,-0.81,0.07,0.83,0.05,
0.83,0.81,-0.81,0.08,0.87,0.81,
0.87,0.05,-0.81,0.07,0.83,0.05,
0.83,0.81,-0.81,0.08,0.87,0.81,
12.10.2021 19:58:42:566,TP97753,A BOT_moral,EnterTP,2,3, 1,1, 0,2,
0.87,0.05,-0.81,0.07,0.83,0.05,
0.83,0.81,-0.81,0.08,0.87,0.81,
0.87,0.05,-0.81,0.07,0.83,0.05,
0.83,0.81,-0.81,0.08,0.87,0.81,
0.87,0.05,-0.81,0.07,0.83,0.05,
0.83,0.81,-0.81,0.08,0.83,0.81,
12.10.2021 19:58:42:851,TP97753,A BOT_moral,Activated,2,6, 1,1, 0,2,
0.87,0.05,-0.81,0.07,0.83,0.05,
0.83,0.81,-0.81,0.08,0.83,0.81,
0.87,0.05,-0.81,0.07,0.83,0.05,
0.83,0.81,-0.81,0.08,0.83,0.81,
0.87,0.05,-0.81,0.07,0.83,0.05,
0.83,0.81,-0.81,0.08,0.83,0.81,
0.87,0.05,-0.81,0.07,0.83,0.05,
0.83,0.81,-0.81,0.08,0.83,0.81,
0.87,0.05,-0.81,0.07,0.83,0.05,
0.83,0.81,-0.81,0.08,0.83,0.81,
0.87,0.05,-0.81,0.07,0.83,0.05,
0.83,0.81,-0.81,0.08,0.83,0.81,
0.87,0.05,-0.81,0.07,0.83,0.05,
0.83,0.81,-0.81,0.08,0.83,0.81,
0.87,0.05,-0.81,0.07,0.83,0.05,
0.83,0.81,-0.81,0.08,0.83,0.81,
0.87,0.05,-0.81,0.07,0.83,0.05,
0.83,0.81,-0.81,0.08,0.83,0.81,
0.87,0.05,-0.81,0.07,0.83,0.05,
0.83,0.81,-0.81,0.08,0.83,0.81,
0.87,0.05,-0.81,0.07,0.83,0.05,
0.83,0.81,-0.81,0.08,0.83,0.81,
0.87,0.05,-0.81,0.07,0.83,0.05,
0.83,0.81,-0.81,0.08,0.83,0.81,
0.87,0.05,-0.81,0.07,0.83,0.05,
0.83,0.81,-0.81,0.08,0.83,0.81,
0.87,0.05,-0.81,0.07,0.83,0.05,
0.83,0.81,-0.81,0.08,0.83,0.81,
0.87,0.05,-0.81,0.07,0.83,0.05,
0.83,0.81,-0.81,0.08,0.83,0.81,
0.87,0.05,-0.81,0.07,0.83,0.05,
0.83,0.81,-0.81,0.08,0.83,0.81,
0.87,0.05,-0.81,0.07,0.83,0.05,
0.83,0.81,-0.81,0.08,0.83,0.81,
0.87,0.05,-0.81,0.07,0.83,0.05,
0.83,0.81,-0.81,0.08,0.83,0.81,
0.87,0.05,-0.81,0.07,0.83,0.05,
0.83,0.81,-0.81,0.08,0.83,0.81,
0.87,0.05,-0.81,0.07,0.83,0.05,
0.83,0.81,-0.81,0.08,0.83,0.81,
0.87,0.05,-0.81,0.07,0.83,0.05,
0.83,0.81,-0.81,0.08,0.83,0.81,
0.87,0.05,-0.81,0.07,0.83,0.05,
0.83,0.81,-0.81,0.08,0.83,0.81,
0.87,0.05,-0.81,0.07,0.83,0.05,
0.83,0.81,-0.81,0.08,0.83,0.81,
0.87,0.05,-0.81,0.07,0.83,0.05,
0.83,0.81,-0.81,0.08,0.83,0.81,
0.87,0.05,-0.81,0.07,0.83,0.05,
0.83,0.81,-0.81,0.08,0.83,0.81,
0.87,0.05,-0.81,0.07,0.83,0.05,
0.83,0.81,-0.81,0.08,0.83,0.81,
0.87,0.05,-0.81,0.07,0.83,0.05,
0.83,0.81,-0.81,0.08,0.83,0.81,
0.76,0.04,-0.81,0.07,0.83,0.04,
0.83,0.81,-0.81,0.08,0.83,0.81,
0.76,0.04,-0.81,0.07,0.83,0.04,
0.83,0.81,-0.81,0.08,0.83,0.81,
0.76,0.04,-0.81,0.07,0.83,0.04,
0.83,0.81,-0.81,0.08,0.83,0.81,
0.76,0.04,-0.81,0.07,0.83,0.04,
0.83,0.81,-0.81,0.08,0.83,0.81,
0.76,0.04,-0.81,0.07,0.83,0.04,
0.83,0.81,-0.81,0.08,0.83,0.81,
0.76,0.04,-0.81,0.07,0.83,0.04,
0.83,0.81,-0.81,0.08,0.83,0.81,
0.76,0.04,-0.81,0.07,0.83,0.04,
0.83,0.81,-0.81,0.08,0.83,0.81,
0.76,0.04,-0.81,0.07,0.83,0.04,
0.83,0.81,-0.81,0.08,0.83,0.81,
0.76,0.04,-0.81,0.07,0.83,0.04,
0.83,0.81,-0.81,0.08,0.83,0.81,
0.76,0.04,-0.81,0.07,0.83,0.04,
0.83,0.81,-0.81,0.08,0.83,0.81,
0.76,0.04,-0.81,0.07,0.83,0.04,
0.83,0.81,-0.81,0.08,0.83,0.81,
0.76,0.04,-0.81,0.07,0.83,0.04,
0.83,0.81,-0.81,0.08,0.83,0.81,
0.76,0.04,-0.81,0.07,0.83,0.04,
0.83,0.81,-0.81,0.08,0.83,0.81,
0.76,0.04,-0.81,0.07,0.83,0.04,
0.83,0.81,-0.81,0.08,0.83,0.81,
0.76,0.04,-0.81,0.07,0.83,0.04,
0.83,0.81,-0.81,0.08,0.83,0.81,
0.76,0.04,-0.81,0.07,0.83,0.04,
0.83,0.81,-0.81,0.08,0.83,0.81,
0.76,0.04,-0.81,0.07,0.83,0.04,
0.83,0.81,-0.81,0.08,0.83,0.81,
0.76,0.04,-0.81,0.07,0.83,0.04,
0.83,0.81,-0.81,0.08,0.83,0.81,
0.76,0.04,-0.81,0.07,0.83,0.04,
0.83,0.81,-0.81,0.08,0.83,0.81,
0.76,0.04,-0.81,0.07,0.83,0.04,
0.83,0.81,-0.81,0.08,0.83,0.81,
0.76,0.04,-0.81,0.07,0.83,0.04,
0.83,0.81,-0.81,0.08,0.83,0.81,
0.76,0.04,-0.81,0.07,0.83,0.04,
0.83,0.81,-0.81,0.08,0.83,0.81,
0.76,0.04,-0.81,0.07,0.83,0.04,
0.83,0.81,-0.81,0.08,0.83,0.81,
0.76,0.04,-0.81,0.07,0.83,0.04,
0.83,0.81,-0.81,0.08,0.83,0.81,
0.76,0.04,-0.81,0.07,0.83,0.04,
0.83,0.81,-0.81,0.08,0.83,0.81,
0.76,0.04,-0.81,0.07,0.83,0.04,
0.83,0.81,-0.81,0.08,0.83,0.81,
0.76,0.04,-0.81,0.07,0.83,0.04,
0.83,0.81,-0.81,0.08,0.83,0.81,
0.76,0.04,-0.81,0.07,0.83,0.04,
0.83,0.81,-0.81,0.08,0.83,0.81,
0.76,0.04,-0.81,0.07,0.83,0.04,
0.83,0.81,-0.81,0.08,0.83,0.81,
12.10.2021 19:58:48:483,TP97753,A BOT_moral,Deactivated,5,2, 1,1, 0,4,
0.76,0.04,-0.81,0.07,0.83,0.04,
0.7,0.66,-0.72,0.08,0.76,0.66,
0.76,0.04,-0.81,0.07,0.83,0.04,
0.7,0.66,-0.72,0.08,0.76,0.66,
0.76,0.04,-0.81,0.07,0.83,0.04,
0.7,0.66,-0.72,0.08,0.76,0.66,
0.76,0.04,-0.81,0.07,0.83,0.04,
0.7,0.66,-0.72,0.08,0.76,0.66,
0.76,0.04,-0.81,0.07,0.83,0.04,
0.7,0.66,-0.72,0.08,0.76,0.66,
0.76,0.04,-0.81,0.07,0.83,0.04,
0.7,0.66,-0.72,0.08,0.76,0.66,
0.76,0.04,-0.81,0.07,0.83,0.04,
0.7,0.66,-0.72,0.08,0.76,0.66,
0.76,0.04,-0.81,0.07,0.83,0.04,
0.7,0.66,-0.72,0.08,0.76,0.66,
0.76,0.04,-0.81,0.07,0.83,0.04,
0.7,0.66,-0.72,0.08,0.76,0.66,
0.76,0.04,-0.81,0.07,0.83,0.04,
0.7,0.66,-0.72,0.08,0.76,0.66,
0.76,0.04,-0.81,0.07,0.83,0.04,
0.7,0.66,-0.72,0.08,0.76,0.66,
0.76,0.04,-0.81,0.07,0.83,0.04,
0.7,0.66,-0.72,0.08,0.76,0.66,
0.76,0.04,-0.81,0.07,0.83,0.04,
0.7,0.66,-0.72,0.08,0.76,0.66,
0.76,0.04,-0.81,0.07,0.83,0.04,
0.7,0.66,-0.72,0.08,0.76,0.66,
0.76,0.04,-0.81,0.07,0.83,0.04,
0.7,0.66,-0.72,0.08,0.76,0.66,
0.76,0.04,-0.81,0.07,0.83,0.04,
0.7,0.66,-0.72,0.08,0.76,0.66,
0.76,0.04,-0.81,0.07,0.83,0.04,
0.7,0.66,-0.72,0.08,0.76,0.66,
0.76,0.04,-0.81,0.07,0.83,0.04,
0.7,0.66,-0.72,0.08,0.76,0.66,
0.76,0.04,-0.81,0.07,0.83,0.04,
0.7,0.66,-0.72,0.08,0.76,0.66,
0.76,0.04,-0.81,0.07,0.83,0.04,
0.7,0.66,-0.72,0.08,0.76,0.66,
0.76,0.04,-0.81,0.07,0.83,0.04,
0.7,0.66,-0.72,0.08,0.76,0.66,
0.76,0.04,-0.81,0.07,0.83,0.04,
0.7,0.66,-0.72,0.08,0.76,0.66,
0.76,0.04,-0.81,0.07,0.83,0.04,
0.7,0.66,-0.72,0.08,0.76,0.66,
0.76,0.04,-0.81,0.07,0.83,0.04,
0.7,0.66,-0.72,0.08,0.76,0.66,
0.76,0.04,-0.81,0.07,0.83,0.04,
0.7,0.66,-0.72,0.08,0.76,0.66,
0.76,0.04,-0.81,0.07,0.83,0.04,
0.7,0.66,-0.72,0.08,0.76,0.66,
0.76,0.04,-0.81,0.07,0.83,0.04,
0.7,0.66,-0.72,0.08,0.76,0.66,
0.76,0.04,-0.81,0.07,0.83,0.04,
0.7,0.66,-0.72,0.08,0.76,0.66,
0.76,0.04,-0.81,0.07,0.83,0.04,
0.7,0.66,-0.72,0.08,0.76,0.66,
12.10.2021 19:58:51:398,TP97753,C BOT_moral,Activated,-4,2, 1,1, 0,4,
0.7,0.03,-0.81,0.07,0.83,0.03,
0.59,0.54,-0.64,0.07,0.64,0.54,
0.7,0.03,-0.81,0.07,0.83,0.03,
0.59,0.54,-0.64,0.07,0.64,0.54,
0.7,0.03,-0.81,0.07,0.83,0.03,
0.59,0.54,-0.64,0.07,0.64,0.54,
0.7,0.03,-0.81,0.07,0.83,0.03,
0.59,0.54,-0.64,0.07,0.64,0.54,
0.7,0.03,-0.81,0.07,0.83,0.03,
0.59,0.54,-0.64,0.07,0.64,0.54,
0.7,0.03,-0.81,0.07,0.83,0.03,
0.59,0.54,-0.64,0.07,0.64,0.54,
0.7,0.03,-0.81,0.07,0.83,0.03,
0.59,0.54,-0.64,0.07,0.64,0.54,
0.7,0.03,-0.81,0.07,0.83,0.03,
0.59,0.54,-0.64,0.07,0.64,0.54,
0.7,0.03,-0.81,0.07,0.83,0.03,
0.59,0.54,-0.64,0.07,0.64,0.54,
0.7,0.03,-0.81,0.07,0.83,0.03,
0.59,0.54,-0.64,0.07,0.64,0.54,
0.7,0.03,-0.81,0.07,0.83,0.03,
0.59,0.54,-0.64,0.07,0.64,0.54,
0.7,0.03,-0.81,0.07,0.83,0.03,
0.59,0.54,-0.64,0.07,0.64,0.54,
0.7,0.03,-0.81,0.07,0.83,0.03,
0.59,0.54,-0.64,0.07,0.64,0.54,
0.7,0.03,-0.81,0.07,0.83,0.03,
0.59,0.54,-0.64,0.07,0.64,0.54,
0.7,0.03,-0.81,0.07,0.83,0.03,
0.59,0.54,-0.64,0.07,0.64,0.54,
0.7,0.03,-0.81,0.07,0.83,0.03,
0.59,0.54,-0.64,0.07,0.64,0.54,
0.7,0.03,-0.81,0.07,0.83,0.03,
0.59,0.54,-0.64,0.07,0.64,0.54,
0.7,0.03,-0.81,0.07,0.83,0.03,
0.59,0.54,-0.64,0.07,0.64,0.54,
0.7,0.03,-0.81,0.07,0.83,0.03,
0.59,0.54,-0.64,0.07,0.64,0.54,
0.7,0.03,-0.81,0.07,0.83,0.03,
0.59,0.54,-0.64,0.07,0.64,0.54,
0.7,0.03,-0.81,0.07,0.83,0.03,
0.59,0.54,-0.64,0.07,0.64,0.54,
0.7,0.03,-0.81,0.07,0.83,0.03,
0.59,0.54,-0.64,0.07,0.64,0.54,
0.7,0.03,-0.81,0.07,0.83,0.03,
0.59,0.54,-0.64,0.07,0.64,0.54,
0.7,0.03,-0.81,0.07,0.83,0.03,
0.59,0.54,-0.64,0.07,0.64,0.54,
0.7,0.03,-0.81,0.07,0.83,0.03,
0.59,0.54,-0.64,0.07,0.64,0.54,
0.7,0.03,-0.81,0.07,0.83,0.03,
0.59,0.54,-0.64,0.07,0.64,0.54,
0.7,0.03,-0.81,0.07,0.83,0.03,
0.59,0.54,-0.64,0.07,0.64,0.54,
0.7,0.03,-0.81,0.07,0.83,0.03,
0.59,0.54,-0.64,0.07,0.64,0.54,
0.7,0.03,-0.81,0.07,0.83,0.03,
0.59,0.54,-0.64,0.07,0.64,0.54,
0.7,0.03,-0.81,0.07,0.83,0.03,
0.59,0.54,-0.64,0.07,0.64,0.54,
0.7,0.03,-0.81,0.07,0.83,0.03,
0.59,0.54,-0.64,0.07,0.64,0.54,
12.10.2021 19:58:54:497,TP97753,A BOT_moral,exitTP,2,2, 1,1, 0,4,
0.7,0.03,-0.81,0.07,0.83,0.03,
0.59,0.54,-0.64,0.07,0.64,0.54,
0.7,0.03,-0.81,0.07,0.83,0.03,
0.59,0.54,-0.64,0.07,0.64,0.54,
0.7,0.03,-0.81,0.07,0.83,0.03,
0.59,0.54,-0.64,0.07,0.64,0.54,
0.7,0.03,-0.81,0.07,0.83,0.03,
0.59,0.54,-0.64,0.07,0.64,0.54,
0.7,0.03,-0.81,0.07,0.83,0.03,
0.59,0.54,-0.64,0.07,0.64,0.54,
0.7,0.03,-0.81,0.07,0.83,0.03,
0.59,0.54,-0.64,0.07,0.64,0.54,
0.7,0.03,-0.81,0.07,0.83,0.03,
0.59,0.54,-0.64,0.07,0.64,0.54,
0.7,0.03,-0.81,0.07,0.83,0.03,
0.59,0.54,-0.64,0.07,0.64,0.54,
0.7,0.03,-0.81,0.07,0.83,0.03,
0.59,0.54,-0.64,0.07,0.64,0.54,
0.7,0.03,-0.81,0.07,0.83,0.03,
0.59,0.54,-0.64,0.07,0.64,0.54,
0.7,0.03,-0.81,0.07,0.83,0.03,
0.59,0.54,-0.64,0.07,0.64,0.54,
0.7,0.03,-0.81,0.07,0.83,0.03,
0.59,0.54,-0.64,0.07,0.64,0.54,
0.7,0.03,-0.81,0.07,0.83,0.03,
0.59,0.54,-0.64,0.07,0.64,0.54,
0.7,0.03,-0.81,0.07,0.83,0.03,
0.59,0.54,-0.64,0.07,0.64,0.54,
0.7,0.03,-0.81,0.07,0.83,0.03,
0.59,0.54,-0.64,0.07,0.64,0.54,
0.7,0.03,-0.81,0.07,0.83,0.03,
0.59,0.54,-0.64,0.07,0.64,0.54,
0.7,0.03,-0.81,0.07,0.83,0.03,
0.59,0.54,-0.64,0.07,0.64,0.54,
0.7,0.03,-0.81,0.07,0.83,0.03,
0.59,0.54,-0.64,0.07,0.64,0.54,
0.7,0.03,-0.81,0.07,0.83,0.03,
0.59,0.54,-0.64,0.07,0.64,0.54,
0.7,0.03,-0.81,0.07,0.83,0.03,
0.59,0.54,-0.64,0.07,0.64,0.54,
0.7,0.03,-0.81,0.07,0.83,0.03,
0.59,0.54,-0.64,0.07,0.64,0.54,
0.7,0.03,-0.81,0.07,0.83,0.03,
0.59,0.54,-0.64,0.07,0.64,0.54,
0.7,0.03,-0.81,0.07,0.83,0.03,
0.59,0.54,-0.64,0.07,0.64,0.54,
0.7,0.03,-0.81,0.07,0.83,0.03,
0.59,0.54,-0.64,0.07,0.64,0.54,
0.7,0.03,-0.81,0.07,0.83,0.03,
0.59,0.54,-0.64,0.07,0.64,0.54,
0.7,0.03,-0.81,0.07,0.83,0.03,
0.59,0.54,-0.64,0.07,0.64,0.54,
0.7,0.03,-0.81,0.07,0.83,0.03,
0.59,0.54,-0.64,0.07,0.64,0.54,
0.7,0.03,-0.81,0.07,0.83,0.03,
0.59,0.54,-0.64,0.07,0.64,0.54,
0.7,0.03,-0.81,0.07,0.83,0.03,
0.59,0.54,-0.64,0.07,0.64,0.54,
0.7,0.03,-0.81,0.07,0.83,0.03,
0.59,0.54,-0.64,0.07,0.64,0.54,
0.7,0.03,-0.81,0.07,0.83,0.03,
0.59,0.54,-0.64,0.07,0.64,0.54,
0.7,0.03,-0.81,0.07,0.83,0.03,
0.59,0.54,-0.64,0.07,0.64,0.54,
0.7,0.03,-0.81,0.07,0.83,0.03,
0.59,0.54,-0.64,0.07,0.64,0.54,
0.7,0.03,-0.81,0.07,0.83,0.03,
0.59,0.54,-0.64,0.07,0.64,0.54,
12.10.2021 19:58:57:930,TP97753,A BOT_moral,Kick,-1,2, 1,1, 0,4,-4,2, 1,1, 0,4,C BOT_moral
0.7,0.03,-0.81,0.07,0.83,0.03,
0.59,0.54,-0.64,0.07,0.64,0.54,
12.10.2021 19:58:57:962,TP97753,A BOT_moral,EnterTP,-1,2, 1,1, 0,4,
0.7,0.03,-0.81,0.07,0.83,0.03,
0.59,0.54,-0.64,0.07,0.64,0.54,
0.7,0.03,-0.81,0.07,0.83,0.03,
0.59,0.54,-0.64,0.07,0.64,0.54,
12.10.2021 19:58:58:163,TP97753,C BOT_moral,exitTP,-7,3, 1,1, 0,4,
0.7,0.03,-0.81,0.07,0.83,0.03,
0.59,0.54,-0.64,0.07,0.64,0.54,
0.7,0.03,-0.81,0.07,0.83,0.03,
0.59,0.54,-0.64,0.07,0.64,0.54,
0.7,0.03,-0.81,0.07,0.83,0.03,
0.59,0.54,-0.64,0.07,0.64,0.54,
0.7,0.03,-0.81,0.07,0.83,0.03,
0.59,0.54,-0.64,0.07,0.64,0.54,
0.7,0.03,-0.81,0.07,0.83,0.03,
0.59,0.54,-0.64,0.07,0.64,0.54,
0.7,0.03,-0.81,0.07,0.83,0.03,
0.59,0.54,-0.64,0.07,0.64,0.54,
0.7,0.03,-0.81,0.07,0.83,0.03,
0.59,0.54,-0.64,0.07,0.64,0.54,
0.61,0.04,-0.72,0.07,0.7,0.04,
0.59,0.54,-0.64,0.07,0.64,0.54,
0.61,0.04,-0.72,0.07,0.7,0.04,
0.59,0.54,-0.64,0.07,0.64,0.54,
0.61,0.04,-0.72,0.07,0.7,0.04,
0.59,0.54,-0.64,0.07,0.61,0.54,
0.61,0.04,-0.72,0.07,0.7,0.04,
0.59,0.54,-0.64,0.07,0.61,0.54,
0.61,0.04,-0.72,0.07,0.7,0.04,
0.59,0.54,-0.64,0.07,0.61,0.54,
0.61,0.04,-0.72,0.07,0.7,0.04,
0.59,0.54,-0.64,0.07,0.61,0.54,
0.61,0.04,-0.72,0.07,0.7,0.04,
0.59,0.54,-0.64,0.07,0.61,0.54,
0.61,0.04,-0.72,0.07,0.7,0.04,
0.59,0.54,-0.64,0.07,0.61,0.54,
0.61,0.04,-0.72,0.07,0.7,0.04,
0.59,0.54,-0.64,0.07,0.61,0.54,
0.61,0.04,-0.72,0.07,0.7,0.04,
0.59,0.54,-0.64,0.07,0.61,0.54,
0.61,0.04,-0.72,0.07,0.7,0.04,
0.59,0.54,-0.64,0.07,0.61,0.54,
0.61,0.04,-0.72,0.07,0.7,0.04,
0.59,0.54,-0.64,0.07,0.61,0.54,
0.61,0.04,-0.72,0.07,0.7,0.04,
0.59,0.54,-0.64,0.07,0.61,0.54,
0.61,0.04,-0.72,0.07,0.7,0.04,
0.59,0.54,-0.64,0.07,0.61,0.54,
0.61,0.04,-0.72,0.07,0.7,0.04,
0.59,0.54,-0.64,0.07,0.61,0.54,
0.61,0.04,-0.72,0.07,0.7,0.04,
0.59,0.54,-0.64,0.07,0.61,0.54,
0.61,0.04,-0.72,0.07,0.7,0.04,
0.59,0.54,-0.64,0.07,0.61,0.54,
0.61,0.04,-0.72,0.07,0.7,0.04,
0.59,0.54,-0.64,0.07,0.61,0.54,
0.61,0.04,-0.72,0.07,0.7,0.04,
0.59,0.54,-0.64,0.07,0.61,0.54,
0.61,0.04,-0.72,0.07,0.7,0.04,
0.59,0.54,-0.64,0.07,0.61,0.54,
12.10.2021 19:59:00:879,TP97753,C BOT_moral,EnterTP,-7,2, 1,1, 0,1,
0.61,0.04,-0.72,0.07,0.7,0.04,
0.59,0.54,-0.64,0.07,0.61,0.54,
12.10.2021 19:59:01:30,TP97753,C BOT_moral,Activated,-7,0, 1,1, 0,1,
0.61,0.04,-0.72,0.07,0.7,0.04,
0.59,0.54,-0.64,0.07,0.61,0.54,
0.61,0.04,-0.72,0.07,0.7,0.04,
0.59,0.54,-0.64,0.07,0.61,0.54,
0.61,0.04,-0.72,0.07,0.7,0.04,
0.59,0.54,-0.64,0.07,0.61,0.54,
0.61,0.04,-0.72,0.07,0.7,0.04,
0.59,0.54,-0.64,0.07,0.61,0.54,
0.61,0.04,-0.72,0.07,0.7,0.04,
0.59,0.54,-0.64,0.07,0.61,0.54,
12.10.2021 19:59:01:494,TP97753,A BOT_moral,Kick,-3,6, 1,1, 0,2,-6,6, 1,1, 0,2,C BOT_moral
12.10.2021 19:59:01:495,TP97753,A BOT_moral,Kick,-3,6, 1,1, 0,2,-6,6, 1,1, 0,2,C BOT_moral
0.61,0.04,-0.72,0.07,0.7,0.04,
0.59,0.54,-0.64,0.07,0.61,0.54,
12.10.2021 19:59:01:561,TP97753,C BOT_moral,exitTP,-7,3, 1,1, 0,1,
0.61,0.04,-0.72,0.07,0.7,0.04,
0.59,0.54,-0.64,0.07,0.61,0.54,
0.61,0.04,-0.72,0.07,0.7,0.04,
0.59,0.54,-0.64,0.07,0.61,0.54,
0.61,0.04,-0.72,0.07,0.7,0.04,
0.59,0.54,-0.64,0.07,0.61,0.54,
0.61,0.04,-0.72,0.07,0.7,0.04,
0.59,0.54,-0.64,0.07,0.61,0.54,
0.61,0.04,-0.72,0.07,0.7,0.04,
0.59,0.54,-0.64,0.07,0.61,0.54,
0.61,0.04,-0.72,0.07,0.7,0.04,
0.59,0.54,-0.64,0.07,0.61,0.54,
0.61,0.04,-0.72,0.07,0.7,0.04,
0.59,0.54,-0.64,0.07,0.61,0.54,
0.61,0.04,-0.72,0.07,0.7,0.04,
0.59,0.54,-0.64,0.07,0.61,0.54,
0.61,0.04,-0.72,0.07,0.7,0.04,
0.59,0.54,-0.64,0.07,0.61,0.54,
0.61,0.04,-0.72,0.07,0.7,0.04,
0.59,0.54,-0.64,0.07,0.61,0.54,
0.61,0.04,-0.72,0.07,0.7,0.04,
0.59,0.54,-0.64,0.07,0.61,0.54,
0.61,0.04,-0.72,0.07,0.7,0.04,
0.59,0.54,-0.64,0.07,0.61,0.54,
0.61,0.04,-0.72,0.07,0.7,0.04,
0.59,0.54,-0.64,0.07,0.61,0.54,
0.61,0.04,-0.72,0.07,0.7,0.04,
0.59,0.54,-0.64,0.07,0.61,0.54,
0.61,0.04,-0.72,0.07,0.7,0.04,
0.59,0.54,-0.64,0.07,0.61,0.54,
0.61,0.04,-0.72,0.07,0.7,0.04,
0.59,0.54,-0.64,0.07,0.61,0.54,
0.61,0.04,-0.72,0.07,0.7,0.04,
0.59,0.54,-0.64,0.07,0.52,0.54,
0.61,0.04,-0.72,0.07,0.7,0.04,
0.59,0.54,-0.64,0.07,0.52,0.54,
0.61,0.04,-0.72,0.07,0.7,0.04,
0.59,0.54,-0.64,0.07,0.52,0.54,
0.61,0.04,-0.72,0.07,0.7,0.04,
0.59,0.54,-0.64,0.07,0.52,0.54,
0.61,0.04,-0.72,0.07,0.7,0.04,
0.59,0.54,-0.64,0.07,0.52,0.54,
0.61,0.04,-0.72,0.07,0.7,0.04,
0.59,0.54,-0.64,0.07,0.52,0.54,
0.61,0.04,-0.72,0.07,0.7,0.04,
0.59,0.54,-0.64,0.07,0.52,0.54,
0.61,0.04,-0.72,0.07,0.7,0.04,
0.59,0.54,-0.64,0.07,0.52,0.54,
0.61,0.04,-0.72,0.07,0.7,0.04,
0.59,0.54,-0.64,0.07,0.52,0.54,
0.61,0.04,-0.72,0.07,0.7,0.04,
0.59,0.54,-0.64,0.07,0.52,0.54,
0.61,0.04,-0.72,0.07,0.7,0.04,
0.59,0.54,-0.64,0.07,0.52,0.54,
0.61,0.04,-0.72,0.07,0.7,0.04,
0.59,0.54,-0.64,0.07,0.52,0.54,
0.61,0.04,-0.72,0.07,0.7,0.04,
0.59,0.54,-0.64,0.07,0.52,0.54,
0.61,0.04,-0.72,0.07,0.7,0.04,
0.59,0.54,-0.64,0.07,0.52,0.54,
0.61,0.04,-0.72,0.07,0.7,0.04,
0.59,0.54,-0.64,0.07,0.52,0.54,
0.61,0.04,-0.72,0.07,0.7,0.04,
0.59,0.54,-0.64,0.07,0.52,0.54,
0.61,0.04,-0.72,0.07,0.7,0.04,
0.59,0.54,-0.64,0.07,0.52,0.54,
0.61,0.04,-0.72,0.07,0.7,0.04,
0.59,0.54,-0.64,0.07,0.52,0.54,
0.61,0.04,-0.72,0.07,0.7,0.04,
0.59,0.54,-0.64,0.07,0.52,0.54,
0.61,0.04,-0.72,0.07,0.7,0.04,
0.59,0.54,-0.64,0.07,0.52,0.54,
0.52,0.05,-0.64,0.06,0.59,0.05,
0.59,0.54,-0.64,0.07,0.52,0.54,
0.52,0.05,-0.64,0.06,0.59,0.05,
0.59,0.54,-0.64,0.07,0.52,0.54,
0.52,0.05,-0.64,0.06,0.59,0.05,
0.59,0.54,-0.64,0.07,0.52,0.54,
0.52,0.05,-0.64,0.06,0.59,0.05,
0.59,0.54,-0.64,0.07,0.52,0.54,
0.52,0.05,-0.64,0.06,0.59,0.05,
0.59,0.54,-0.64,0.07,0.52,0.54,
0.52,0.05,-0.64,0.06,0.59,0.05,
0.59,0.54,-0.64,0.07,0.52,0.54,
12.10.2021 19:59:05:777,TP97753,A BOT_moral,exitTP,-1,2, 1,1, 0,3,
0.52,0.05,-0.64,0.06,0.59,0.05,
0.59,0.54,-0.64,0.07,0.52,0.54,
0.52,0.05,-0.64,0.06,0.59,0.05,
0.59,0.54,-0.64,0.07,0.52,0.54,
0.52,0.05,-0.64,0.06,0.59,0.05,
0.59,0.54,-0.64,0.07,0.52,0.54,
0.52,0.05,-0.64,0.06,0.59,0.05,
0.59,0.54,-0.64,0.07,0.52,0.54,
12.10.2021 19:59:06:243,TP97753,C BOT_moral,EnterTP,-7,2, 1,1, 0,0,
0.52,0.05,-0.64,0.06,0.59,0.05,
0.59,0.54,-0.64,0.07,0.52,0.54,
0.52,0.05,-0.64,0.06,0.59,0.05,
0.59,0.54,-0.64,0.07,0.52,0.54,
0.52,0.05,-0.64,0.06,0.59,0.05,
0.59,0.54,-0.64,0.07,0.52,0.54,
0.52,0.05,-0.64,0.06,0.59,0.05,
0.59,0.54,-0.64,0.07,0.52,0.54,
0.52,0.05,-0.64,0.06,0.59,0.05,
0.59,0.54,-0.64,0.07,0.52,0.54,
0.52,0.05,-0.64,0.06,0.59,0.05,
0.59,0.54,-0.64,0.07,0.52,0.54,
0.52,0.05,-0.64,0.06,0.59,0.05,
0.59,0.54,-0.64,0.07,0.52,0.54,
0.52,0.05,-0.64,0.06,0.59,0.05,
0.59,0.54,-0.64,0.07,0.52,0.54,
0.52,0.05,-0.64,0.06,0.59,0.05,
0.59,0.54,-0.64,0.07,0.52,0.54,
0.52,0.05,-0.64,0.06,0.59,0.05,
0.59,0.54,-0.64,0.07,0.52,0.54,
0.52,0.05,-0.64,0.06,0.59,0.05,
0.59,0.54,-0.64,0.07,0.52,0.54,
0.52,0.05,-0.64,0.06,0.59,0.05,
0.59,0.54,-0.64,0.07,0.52,0.54,
0.52,0.05,-0.64,0.06,0.59,0.05,
0.59,0.54,-0.64,0.07,0.52,0.54,
0.52,0.05,-0.64,0.06,0.59,0.05,
0.59,0.54,-0.64,0.07,0.52,0.54,
0.52,0.05,-0.64,0.06,0.59,0.05,
0.59,0.54,-0.64,0.07,0.52,0.54,
0.52,0.05,-0.64,0.06,0.59,0.05,
0.59,0.54,-0.64,0.07,0.52,0.54,
0.52,0.05,-0.64,0.06,0.59,0.05,
0.59,0.54,-0.64,0.07,0.52,0.54,
0.52,0.05,-0.64,0.06,0.59,0.05,
0.59,0.54,-0.64,0.07,0.52,0.54,
0.52,0.05,-0.64,0.06,0.59,0.05,
0.59,0.54,-0.64,0.07,0.52,0.54,
0.52,0.05,-0.64,0.06,0.59,0.05,
0.59,0.54,-0.64,0.07,0.52,0.54,
0.52,0.05,-0.64,0.06,0.59,0.05,
0.59,0.54,-0.64,0.07,0.52,0.54,
0.52,0.05,-0.64,0.06,0.59,0.05,
0.59,0.54,-0.64,0.07,0.52,0.54,
0.52,0.05,-0.64,0.06,0.59,0.05,
0.59,0.54,-0.64,0.07,0.52,0.54,
0.52,0.05,-0.64,0.06,0.59,0.05,
0.59,0.54,-0.64,0.07,0.52,0.54,
0.52,0.05,-0.64,0.06,0.59,0.05,
0.59,0.54,-0.64,0.07,0.52,0.54,
0.52,0.05,-0.64,0.06,0.59,0.05,
0.59,0.54,-0.64,0.07,0.52,0.54,
0.52,0.05,-0.64,0.06,0.59,0.05,
0.59,0.54,-0.64,0.07,0.52,0.54,
0.52,0.05,-0.64,0.06,0.59,0.05,
0.59,0.54,-0.64,0.07,0.52,0.54,
0.52,0.05,-0.64,0.06,0.59,0.05,
0.59,0.54,-0.64,0.07,0.52,0.54,
0.52,0.05,-0.64,0.06,0.59,0.05,
0.59,0.54,-0.64,0.07,0.52,0.54,
12.10.2021 19:59:09:244,TP97753,A BOT_moral,EnterTP,2,3, 1,1, 0,3,
0.52,0.05,-0.64,0.06,0.59,0.05,
0.59,0.54,-0.64,0.07,0.52,0.54,
0.52,0.05,-0.64,0.06,0.59,0.05,
0.59,0.54,-0.64,0.07,0.52,0.54,
12.10.2021 19:59:09:378,TP97753,A BOT_moral,Activated,2,4, 1,1, 0,3,
12.10.2021 19:59:09:380,TP97753,A BOT_moral,Deactivated,2,4, 1,1, 0,3,
0.52,0.05,-0.64,0.06,0.59,0.05,
0.59,0.54,-0.64,0.07,0.52,0.54,
0.52,0.05,-0.64,0.06,0.59,0.05,
0.59,0.54,-0.64,0.07,0.52,0.54,
0.52,0.05,-0.64,0.06,0.59,0.05,
0.59,0.54,-0.64,0.07,0.52,0.54,
12.10.2021 19:59:09:661,TP97753,B,Reset,-5,3, 1,1, -5,6,
0.52,0.05,-0.64,0.06,0.59,0.05,
0.59,0.54,-0.64,0.07,0.52,0.54,
0.52,0.05,-0.64,0.06,0.59,0.05,
0.59,0.54,-0.64,0.07,0.52,0.54,
0.52,0.05,-0.64,0.06,0.59,0.05,
0.59,0.54,-0.64,0.07,0.52,0.54,
0.52,0.05,-0.64,0.06,0.59,0.05,
0.59,0.54,-0.64,0.07,0.52,0.54,
0.52,0.05,-0.64,0.06,0.59,0.05,
0.59,0.54,-0.64,0.07,0.52,0.54,
0.52,0.05,-0.64,0.06,0.59,0.05,
0.59,0.54,-0.64,0.07,0.52,0.54,
0.52,0.05,-0.64,0.06,0.59,0.05,
0.59,0.54,-0.64,0.07,0.52,0.54,
0.52,0.05,-0.64,0.06,0.59,0.05,
0.59,0.54,-0.64,0.07,0.52,0.54,
0.52,0.05,-0.64,0.06,0.59,0.05,
0.59,0.54,-0.64,0.07,0.52,0.54,
0.52,0.05,-0.64,0.06,0.59,0.05,
0.59,0.54,-0.64,0.07,0.52,0.54,
0.52,0.05,-0.64,0.06,0.59,0.05,
0.59,0.54,-0.64,0.07,0.52,0.54,
0.52,0.05,-0.64,0.06,0.59,0.05,
0.59,0.54,-0.64,0.07,0.52,0.54,
0.52,0.05,-0.64,0.06,0.59,0.05,
0.59,0.54,-0.64,0.07,0.52,0.54,
0.52,0.05,-0.64,0.06,0.59,0.05,
0.59,0.54,-0.64,0.07,0.52,0.54,
0.52,0.05,-0.64,0.06,0.59,0.05,
0.59,0.54,-0.64,0.07,0.52,0.54,
0.52,0.05,-0.64,0.06,0.59,0.05,
0.59,0.54,-0.64,0.07,0.52,0.54,
0.52,0.05,-0.64,0.06,0.59,0.05,
0.59,0.54,-0.64,0.07,0.52,0.54,
0.52,0.05,-0.64,0.06,0.59,0.05,
0.59,0.54,-0.64,0.07,0.52,0.54,
0.52,0.05,-0.64,0.06,0.59,0.05,
0.59,0.54,-0.64,0.07,0.52,0.54,
0.52,0.05,-0.64,0.06,0.59,0.05,
0.59,0.54,-0.64,0.07,0.52,0.54,
0.52,0.05,-0.64,0.06,0.59,0.05,
0.59,0.54,-0.64,0.07,0.52,0.54,
0.52,0.05,-0.64,0.06,0.59,0.05,
0.59,0.54,-0.64,0.07,0.52,0.54,
0.52,0.05,-0.64,0.06,0.59,0.05,
0.59,0.54,-0.64,0.07,0.52,0.54,
0.52,0.05,-0.64,0.06,0.59,0.05,
0.59,0.54,-0.64,0.07,0.52,0.54,
0.52,0.05,-0.64,0.06,0.59,0.05,
0.59,0.54,-0.64,0.07,0.52,0.54,
0.52,0.05,-0.64,0.06,0.59,0.05,
0.59,0.54,-0.64,0.07,0.52,0.54,
0.52,0.05,-0.64,0.06,0.59,0.05,
0.59,0.54,-0.64,0.07,0.52,0.54,
0.44,0.03,-0.64,0.06,0.59,0.03,
0.59,0.54,-0.64,0.07,0.52,0.54,
0.44,0.03,-0.64,0.06,0.59,0.03,
0.59,0.54,-0.64,0.07,0.52,0.54,
0.44,0.03,-0.64,0.06,0.59,0.03,
0.59,0.54,-0.64,0.07,0.52,0.54,
0.44,0.03,-0.64,0.06,0.59,0.03,
0.59,0.54,-0.64,0.07,0.52,0.54,
0.44,0.03,-0.64,0.06,0.59,0.03,
0.59,0.54,-0.64,0.07,0.52,0.54,
0.44,0.03,-0.64,0.06,0.59,0.03,
0.59,0.54,-0.64,0.07,0.52,0.54,
0.44,0.03,-0.64,0.06,0.59,0.03,
0.59,0.54,-0.64,0.07,0.52,0.54,
0.44,0.03,-0.64,0.06,0.59,0.03,
0.59,0.54,-0.64,0.07,0.52,0.54,
0.44,0.03,-0.64,0.06,0.59,0.03,
0.59,0.54,-0.64,0.07,0.52,0.54,
0.44,0.03,-0.64,0.06,0.59,0.03,
0.59,0.54,-0.64,0.07,0.52,0.54,
0.44,0.03,-0.64,0.06,0.59,0.03,
0.59,0.54,-0.64,0.07,0.52,0.54,
0.44,0.03,-0.64,0.06,0.59,0.03,
0.59,0.54,-0.64,0.07,0.52,0.54,
0.44,0.03,-0.64,0.06,0.59,0.03,
0.59,0.54,-0.64,0.07,0.52,0.54,
0.44,0.03,-0.64,0.06,0.59,0.03,
0.59,0.54,-0.64,0.07,0.52,0.54,
0.44,0.03,-0.64,0.06,0.59,0.03,
0.59,0.54,-0.64,0.07,0.52,0.54,
0.44,0.03,-0.64,0.06,0.59,0.03,
0.59,0.54,-0.64,0.07,0.52,0.54,
0.44,0.03,-0.64,0.06,0.59,0.03,
0.59,0.54,-0.64,0.07,0.52,0.54,
0.44,0.03,-0.64,0.06,0.59,0.03,
0.59,0.54,-0.64,0.07,0.52,0.54,
0.44,0.03,-0.64,0.06,0.59,0.03,
0.59,0.54,-0.64,0.07,0.52,0.54,
0.44,0.03,-0.64,0.06,0.59,0.03,
0.59,0.54,-0.64,0.07,0.52,0.54,
0.44,0.03,-0.64,0.06,0.59,0.03,
0.59,0.54,-0.64,0.07,0.52,0.54,
0.44,0.03,-0.64,0.06,0.59,0.03,
0.42,0.36,-0.5,0.06,0.44,0.36,
12.10.2021 19:59:14:546,TP97753,A BOT_moral,Activated,5,2, 1,1, 0,4,
0.44,0.03,-0.64,0.06,0.59,0.03,
0.42,0.36,-0.5,0.06,0.44,0.36,
0.44,0.03,-0.64,0.06,0.59,0.03,
0.42,0.36,-0.5,0.06,0.44,0.36,
0.44,0.03,-0.64,0.06,0.59,0.03,
0.42,0.36,-0.5,0.06,0.44,0.36,
0.44,0.03,-0.64,0.06,0.59,0.03,
0.42,0.36,-0.5,0.06,0.44,0.36,
0.44,0.03,-0.64,0.06,0.59,0.03,
0.42,0.36,-0.5,0.06,0.44,0.36,
0.44,0.03,-0.64,0.06,0.59,0.03,
0.42,0.36,-0.5,0.06,0.44,0.36,
0.44,0.03,-0.64,0.06,0.59,0.03,
0.42,0.36,-0.5,0.06,0.44,0.36,
0.44,0.03,-0.64,0.06,0.59,0.03,
0.42,0.36,-0.5,0.06,0.44,0.36,
0.44,0.03,-0.64,0.06,0.59,0.03,
0.42,0.36,-0.5,0.06,0.44,0.36,
0.44,0.03,-0.64,0.06,0.59,0.03,
0.42,0.36,-0.5,0.06,0.44,0.36,
0.44,0.03,-0.64,0.06,0.59,0.03,
0.42,0.36,-0.5,0.06,0.44,0.36,
0.44,0.03,-0.64,0.06,0.59,0.03,
0.42,0.36,-0.5,0.06,0.44,0.36,
0.44,0.03,-0.64,0.06,0.59,0.03,
0.42,0.36,-0.5,0.06,0.44,0.36,
0.44,0.03,-0.64,0.06,0.59,0.03,
0.42,0.36,-0.5,0.06,0.44,0.36,
0.44,0.03,-0.64,0.06,0.59,0.03,
0.42,0.36,-0.5,0.06,0.44,0.36,
0.44,0.03,-0.64,0.06,0.59,0.03,
0.42,0.36,-0.5,0.06,0.44,0.36,
0.44,0.03,-0.64,0.06,0.59,0.03,
0.42,0.36,-0.5,0.06,0.44,0.36,
0.44,0.03,-0.64,0.06,0.59,0.03,
0.42,0.36,-0.5,0.06,0.44,0.36,
0.44,0.03,-0.64,0.06,0.59,0.03,
0.42,0.36,-0.5,0.06,0.44,0.36,
0.44,0.03,-0.64,0.06,0.59,0.03,
0.42,0.36,-0.5,0.06,0.44,0.36,
0.44,0.03,-0.64,0.06,0.59,0.03,
0.42,0.36,-0.5,0.06,0.44,0.36,
12.10.2021 19:59:16:695,TP97753,C BOT_moral,Spawned,-1,7, 1,1, 0,2,
12.10.2021 19:59:16:699,TP97753,A BOT_moral,Spawned,5,2, 1,1, 0,4,
12.10.2021 19:59:16:699,TP97753,B,Spawned,-5,3, 1,1, -5,6,
12.10.2021 19:59:16:709,TP97753,C BOT_moral,exitTP,5,3, 0,5, -4,2,
12.10.2021 19:59:16:712,TP97753,A BOT_moral,exitTP,-5,3, 0,5, -3,8,
0.44,0.03,-0.64,0.06,0.59,0.03,
0.42,0.36,-0.5,0.06,0.44,0.36,
0.44,0.03,-0.64,0.06,0.59,0.03,
0.42,0.36,-0.5,0.06,0.44,0.36,
0.44,0.03,-0.64,0.06,0.59,0.03,
0.42,0.36,-0.5,0.06,0.44,0.36,
0.44,0.03,-0.64,0.06,0.59,0.03,
0.42,0.36,-0.5,0.06,0.44,0.36,
0.44,0.03,-0.64,0.06,0.59,0.03,
0.42,0.36,-0.5,0.06,0.44,0.36,
0.44,0.03,-0.64,0.06,0.59,0.03,
0.42,0.36,-0.5,0.06,0.44,0.36,
0.44,0.03,-0.64,0.06,0.59,0.03,
0.42,0.36,-0.5,0.06,0.44,0.36,
0.44,0.03,-0.64,0.06,0.59,0.03,
0.42,0.36,-0.5,0.06,0.44,0.36,
0.44,0.03,-0.64,0.06,0.59,0.03,
0.42,0.36,-0.5,0.06,0.44,0.36,
0.44,0.03,-0.64,0.06,0.59,0.03,
0.42,0.36,-0.5,0.06,0.44,0.36,
0.44,0.03,-0.64,0.06,0.59,0.03,
0.42,0.36,-0.5,0.06,0.44,0.36,
0.44,0.03,-0.64,0.06,0.59,0.03,
0.42,0.36,-0.5,0.06,0.44,0.36,
0.44,0.03,-0.64,0.06,0.59,0.03,
0.42,0.36,-0.5,0.06,0.44,0.36,
0.44,0.03,-0.64,0.06,0.59,0.03,
0.42,0.36,-0.5,0.06,0.44,0.36,
0.44,0.03,-0.64,0.06,0.59,0.03,
0.42,0.36,-0.5,0.06,0.44,0.36,
0.44,0.03,-0.64,0.06,0.59,0.03,
0.42,0.36,-0.5,0.06,0.44,0.36,
0.44,0.03,-0.64,0.06,0.59,0.03,
0.42,0.36,-0.5,0.06,0.44,0.36,
0.44,0.03,-0.64,0.06,0.59,0.03,
0.42,0.36,-0.5,0.06,0.44,0.36,
0.44,0.03,-0.64,0.06,0.59,0.03,
0.42,0.36,-0.5,0.06,0.44,0.36,
0.44,0.03,-0.64,0.06,0.59,0.03,
0.42,0.36,-0.5,0.06,0.44,0.36,
0.44,0.03,-0.64,0.06,0.59,0.03,
0.42,0.36,-0.5,0.06,0.44,0.36,
0.44,0.03,-0.64,0.06,0.59,0.03,
0.42,0.36,-0.5,0.06,0.44,0.36,
0.44,0.03,-0.64,0.06,0.59,0.03,
0.42,0.36,-0.5,0.06,0.44,0.36,
0.41,0.03,-0.64,0.06,0.59,0.03,
0.42,0.36,-0.5,0.06,0.44,0.36,
0.41,0.03,-0.64,0.06,0.59,0.03,
0.42,0.36,-0.5,0.06,0.44,0.36,
0.41,0.03,-0.64,0.06,0.59,0.03,
0.42,0.36,-0.5,0.06,0.44,0.36,
0.41,0.03,-0.64,0.06,0.59,0.03,
0.42,0.36,-0.5,0.06,0.44,0.36,
0.41,0.03,-0.64,0.06,0.59,0.03,
0.42,0.36,-0.5,0.06,0.44,0.36,
0.41,0.03,-0.64,0.06,0.59,0.03,
0.42,0.36,-0.5,0.06,0.44,0.36,
0.41,0.03,-0.64,0.06,0.59,0.03,
0.42,0.36,-0.5,0.06,0.44,0.36,
0.41,0.03,-0.64,0.06,0.59,0.03,
0.42,0.36,-0.5,0.06,0.44,0.36,
0.41,0.03,-0.64,0.06,0.59,0.03,
0.42,0.36,-0.5,0.06,0.44,0.36,
0.41,0.03,-0.64,0.06,0.59,0.03,
0.42,0.36,-0.5,0.06,0.44,0.36,
0.41,0.03,-0.64,0.06,0.59,0.03,
0.42,0.36,-0.5,0.06,0.44,0.36,
0.41,0.03,-0.64,0.06,0.59,0.03,
0.42,0.36,-0.5,0.06,0.44,0.36,
0.41,0.03,-0.64,0.06,0.59,0.03,
0.42,0.36,-0.5,0.06,0.44,0.36,
0.41,0.03,-0.64,0.06,0.59,0.03,
0.42,0.36,-0.5,0.06,0.44,0.36,
0.41,0.03,-0.64,0.06,0.59,0.03,
0.42,0.36,-0.5,0.06,0.44,0.36,
0.41,0.03,-0.64,0.06,0.59,0.03,
0.42,0.36,-0.5,0.06,0.44,0.36,
0.41,0.03,-0.64,0.06,0.59,0.03,
0.42,0.36,-0.5,0.06,0.44,0.36,
0.41,0.03,-0.64,0.06,0.59,0.03,
0.42,0.36,-0.5,0.06,0.44,0.36,
0.41,0.03,-0.64,0.06,0.59,0.03,
0.42,0.36,-0.5,0.06,0.44,0.36,
0.41,0.03,-0.64,0.06,0.59,0.03,
0.42,0.36,-0.5,0.06,0.44,0.36,
0.41,0.03,-0.64,0.06,0.59,0.03,
0.42,0.36,-0.5,0.06,0.44,0.36,
0.41,0.03,-0.64,0.06,0.59,0.03,
0.42,0.36,-0.5,0.06,0.44,0.36,
0.41,0.03,-0.64,0.06,0.59,0.03,
0.42,0.36,-0.5,0.06,0.44,0.36,
0.41,0.03,-0.64,0.06,0.59,0.03,
0.42,0.36,-0.5,0.06,0.44,0.36,
0.41,0.03,-0.64,0.06,0.59,0.03,
0.42,0.36,-0.5,0.06,0.44,0.36,
0.41,0.03,-0.64,0.06,0.59,0.03,
0.42,0.36,-0.5,0.06,0.44,0.36,
0.41,0.03,-0.64,0.06,0.59,0.03,
0.42,0.36,-0.5,0.06,0.44,0.36,
0.41,0.03,-0.64,0.06,0.59,0.03,
0.42,0.36,-0.5,0.06,0.44,0.36,
0.41,0.03,-0.64,0.06,0.59,0.03,
0.42,0.36,-0.5,0.06,0.44,0.36,
0.41,0.03,-0.64,0.06,0.59,0.03,
0.42,0.36,-0.5,0.06,0.44,0.36,
0.41,0.03,-0.64,0.06,0.59,0.03,
0.42,0.36,-0.5,0.06,0.44,0.36,
0.41,0.03,-0.64,0.06,0.59,0.03,
0.42,0.36,-0.5,0.06,0.44,0.36,
0.41,0.03,-0.64,0.06,0.59,0.03,
0.42,0.36,-0.5,0.06,0.44,0.36,
0.41,0.03,-0.64,0.06,0.59,0.03,
0.42,0.36,-0.5,0.06,0.44,0.36,
0.41,0.03,-0.64,0.06,0.59,0.03,
0.42,0.36,-0.5,0.06,0.44,0.36,
0.41,0.03,-0.64,0.06,0.59,0.03,
0.42,0.36,-0.5,0.06,0.44,0.36,
0.41,0.03,-0.64,0.06,0.59,0.03,
0.42,0.36,-0.5,0.06,0.44,0.36,
0.41,0.03,-0.64,0.06,0.59,0.03,
0.42,0.36,-0.5,0.06,0.44,0.36,
0.41,0.03,-0.64,0.06,0.59,0.03,
0.42,0.36,-0.5,0.06,0.44,0.36,
0.41,0.03,-0.64,0.06,0.59,0.03,
0.42,0.36,-0.5,0.06,0.44,0.36,
0.41,0.03,-0.64,0.06,0.59,0.03,
0.42,0.36,-0.5,0.06,0.44,0.36,
0.41,0.03,-0.64,0.06,0.59,0.03,
0.42,0.36,-0.5,0.06,0.44,0.36,
0.41,0.03,-0.64,0.06,0.59,0.03,
0.42,0.36,-0.5,0.06,0.44,0.36,
0.41,0.03,-0.64,0.06,0.59,0.03,
0.42,0.36,-0.5,0.06,0.44,0.36,
0.41,0.03,-0.64,0.06,0.59,0.03,
0.42,0.36,-0.5,0.06,0.44,0.36,
0.41,0.03,-0.64,0.06,0.59,0.03,
0.42,0.36,-0.5,0.06,0.44,0.36,
0.41,0.03,-0.64,0.06,0.59,0.03,
0.42,0.36,-0.5,0.06,0.44,0.36,
0.41,0.03,-0.64,0.06,0.59,0.03,
0.42,0.36,-0.5,0.06,0.44,0.36,
0.41,0.03,-0.64,0.06,0.59,0.03,
0.42,0.36,-0.5,0.06,0.44,0.36,
0.41,0.03,-0.64,0.06,0.59,0.03,
0.42,0.36,-0.5,0.06,0.44,0.36,
0.41,0.03,-0.64,0.06,0.59,0.03,
0.42,0.36,-0.5,0.06,0.44,0.36,
0.41,0.03,-0.64,0.06,0.59,0.03,
0.42,0.36,-0.5,0.06,0.44,0.36,
0.41,0.03,-0.64,0.06,0.59,0.03,
0.42,0.36,-0.5,0.06,0.44,0.36,
0.41,0.03,-0.64,0.06,0.59,0.03,
0.42,0.36,-0.5,0.06,0.44,0.36,
0.41,0.03,-0.64,0.06,0.59,0.03,
0.42,0.36,-0.5,0.06,0.44,0.36,
0.41,0.03,-0.64,0.06,0.59,0.03,
0.42,0.36,-0.5,0.06,0.44,0.36,
0.41,0.03,-0.64,0.06,0.59,0.03,
0.42,0.36,-0.5,0.06,0.44,0.36,
0.41,0.03,-0.64,0.06,0.59,0.03,
0.42,0.36,-0.5,0.06,0.44,0.36,
0.41,0.03,-0.64,0.06,0.59,0.03,
0.42,0.36,-0.5,0.06,0.44,0.36,
0.41,0.03,-0.64,0.06,0.59,0.03,
0.42,0.36,-0.5,0.06,0.44,0.36,
0.41,0.03,-0.64,0.06,0.59,0.03,
0.42,0.36,-0.5,0.06,0.44,0.36,
0.41,0.03,-0.64,0.06,0.59,0.03,
0.42,0.36,-0.5,0.06,0.44,0.36,
0.41,0.03,-0.64,0.06,0.59,0.03,
0.42,0.36,-0.5,0.06,0.44,0.36,
0.41,0.03,-0.64,0.06,0.59,0.03,
0.42,0.36,-0.5,0.06,0.44,0.36,
0.41,0.03,-0.64,0.06,0.59,0.03,
0.42,0.36,-0.5,0.06,0.44,0.36,
0.41,0.03,-0.64,0.06,0.59,0.03,
0.42,0.36,-0.5,0.06,0.44,0.36,
0.41,0.03,-0.64,0.06,0.59,0.03,
0.42,0.36,-0.5,0.06,0.44,0.36,
0.41,0.03,-0.64,0.06,0.59,0.03,
0.42,0.36,-0.5,0.06,0.44,0.36,
0.41,0.03,-0.64,0.06,0.59,0.03,
0.42,0.36,-0.5,0.06,0.44,0.36,
0.41,0.03,-0.64,0.06,0.59,0.03,
0.42,0.36,-0.5,0.06,0.44,0.36,
0.41,0.03,-0.64,0.06,0.59,0.03,
0.36,0.29,-0.44,0.06,0.41,0.29,
0.41,0.03,-0.64,0.06,0.59,0.03,
0.36,0.29,-0.44,0.06,0.41,0.29,
0.41,0.03,-0.64,0.06,0.59,0.03,
0.36,0.29,-0.44,0.06,0.41,0.29,
0.41,0.03,-0.64,0.06,0.59,0.03,
0.36,0.29,-0.44,0.06,0.41,0.29,
0.41,0.03,-0.64,0.06,0.59,0.03,
0.36,0.29,-0.44,0.06,0.41,0.29,
0.41,0.03,-0.64,0.06,0.59,0.03,
0.36,0.29,-0.44,0.06,0.41,0.29,
0.41,0.03,-0.64,0.06,0.59,0.03,
0.36,0.29,-0.44,0.06,0.41,0.29,
0.41,0.03,-0.64,0.06,0.59,0.03,
0.36,0.29,-0.44,0.06,0.41,0.29,
0.41,0.03,-0.64,0.06,0.59,0.03,
0.36,0.29,-0.44,0.06,0.41,0.29,
0.41,0.03,-0.64,0.06,0.59,0.03,
0.36,0.29,-0.44,0.06,0.41,0.29,
0.41,0.03,-0.64,0.06,0.59,0.03,
0.36,0.29,-0.44,0.06,0.41,0.29,
0.41,0.03,-0.64,0.06,0.59,0.03,
0.36,0.29,-0.44,0.06,0.41,0.29,
12.10.2021 19:59:27:222,TP97753,A BOT_moral,EnterTP,-5,0, 1,1, -2,6,
0.41,0.03,-0.64,0.06,0.59,0.03,
0.36,0.29,-0.44,0.06,0.41,0.29,
0.41,0.03,-0.64,0.06,0.59,0.03,
0.36,0.29,-0.44,0.06,0.41,0.29,
0.41,0.03,-0.64,0.06,0.59,0.03,
0.36,0.29,-0.44,0.06,0.41,0.29,
12.10.2021 19:59:27:475,TP97753,A BOT_moral,Activated,-4,9, 1,1, -2,4,
0.41,0.03,-0.64,0.06,0.59,0.03,
0.36,0.29,-0.44,0.06,0.41,0.29,
0.41,0.03,-0.64,0.06,0.59,0.03,
0.36,0.29,-0.44,0.06,0.41,0.29,
0.41,0.03,-0.64,0.06,0.59,0.03,
0.36,0.29,-0.44,0.06,0.41,0.29,
0.41,0.03,-0.64,0.06,0.59,0.03,
0.36,0.29,-0.44,0.06,0.41,0.29,
12.10.2021 19:59:27:873,TP97753,C BOT_moral,EnterTP,2,3, 1,1, -2,0,
0.41,0.03,-0.64,0.06,0.59,0.03,
0.36,0.29,-0.44,0.06,0.41,0.29,
0.41,0.03,-0.64,0.06,0.59,0.03,
0.36,0.29,-0.44,0.06,0.41,0.29,
0.41,0.03,-0.64,0.06,0.59,0.03,
0.36,0.29,-0.44,0.06,0.41,0.29,
0.41,0.03,-0.64,0.06,0.59,0.03,
0.36,0.29,-0.44,0.06,0.41,0.29,
0.41,0.03,-0.64,0.06,0.59,0.03,
0.36,0.29,-0.44,0.06,0.41,0.29,
0.41,0.03,-0.64,0.06,0.59,0.03,
0.36,0.29,-0.44,0.06,0.41,0.29,
0.41,0.03,-0.64,0.06,0.59,0.03,
0.36,0.29,-0.44,0.06,0.41,0.29,
0.41,0.03,-0.64,0.06,0.59,0.03,
0.36,0.29,-0.44,0.06,0.41,0.29,
0.41,0.03,-0.64,0.06,0.59,0.03,
0.36,0.29,-0.44,0.06,0.41,0.29,
12.10.2021 19:59:28:773,TP97753,C BOT_moral,Activated,3,0, 1,1, -1,4,
0.41,0.03,-0.64,0.06,0.59,0.03,
0.36,0.29,-0.44,0.06,0.41,0.29,
0.41,0.03,-0.64,0.06,0.59,0.03,
0.36,0.29,-0.44,0.06,0.41,0.29,
0.41,0.03,-0.64,0.06,0.59,0.03,
0.36,0.29,-0.44,0.06,0.41,0.29,
0.41,0.03,-0.64,0.06,0.59,0.03,
0.36,0.29,-0.44,0.06,0.41,0.29,
0.41,0.03,-0.64,0.06,0.59,0.03,
0.36,0.29,-0.44,0.06,0.41,0.29,
0.35,0.02,-0.57,0.04,0.5,0.02,
0.36,0.29,-0.44,0.06,0.41,0.29,
0.35,0.02,-0.57,0.04,0.5,0.02,
0.36,0.29,-0.44,0.06,0.41,0.29,
0.35,0.02,-0.57,0.04,0.5,0.02,
0.36,0.29,-0.44,0.06,0.41,0.29,
0.35,0.02,-0.57,0.04,0.5,0.02,
0.36,0.29,-0.44,0.06,0.41,0.29,
0.35,0.02,-0.57,0.04,0.5,0.02,
0.36,0.29,-0.44,0.06,0.41,0.29,
0.35,0.02,-0.57,0.04,0.5,0.02,
0.36,0.29,-0.44,0.06,0.41,0.29,
0.35,0.02,-0.57,0.04,0.5,0.02,
0.36,0.29,-0.44,0.06,0.41,0.29,
0.35,0.02,-0.57,0.04,0.5,0.02,
0.36,0.29,-0.44,0.06,0.41,0.29,
0.35,0.02,-0.57,0.04,0.5,0.02,
0.36,0.29,-0.44,0.06,0.41,0.29,
0.35,0.02,-0.57,0.04,0.5,0.02,
0.36,0.29,-0.44,0.06,0.41,0.29,
0.35,0.02,-0.57,0.04,0.5,0.02,
0.36,0.29,-0.44,0.06,0.41,0.29,
0.35,0.02,-0.57,0.04,0.5,0.02,
0.36,0.29,-0.44,0.06,0.41,0.29,
0.35,0.02,-0.57,0.04,0.5,0.02,
0.36,0.29,-0.44,0.06,0.41,0.29,
0.35,0.02,-0.57,0.04,0.5,0.02,
0.36,0.29,-0.44,0.06,0.41,0.29,
0.35,0.02,-0.57,0.04,0.5,0.02,
0.36,0.29,-0.44,0.06,0.41,0.29,
0.35,0.02,-0.57,0.04,0.5,0.02,
0.36,0.29,-0.44,0.06,0.41,0.29,
0.35,0.02,-0.57,0.04,0.5,0.02,
0.36,0.29,-0.44,0.06,0.41,0.29,
0.35,0.02,-0.57,0.04,0.5,0.02,
0.36,0.29,-0.44,0.06,0.41,0.29,
0.35,0.02,-0.57,0.04,0.5,0.02,
0.36,0.29,-0.44,0.06,0.41,0.29,
12.10.2021 19:59:31:190,TP97753,B,Reset,6,1, 1,1, 5,0,
0.35,0.02,-0.57,0.04,0.5,0.02,
0.36,0.29,-0.44,0.06,0.41,0.29,
0.35,0.02,-0.57,0.04,0.5,0.02,
0.36,0.29,-0.44,0.06,0.41,0.29,
0.35,0.02,-0.57,0.04,0.5,0.02,
0.36,0.29,-0.44,0.06,0.41,0.29,
0.35,0.02,-0.57,0.04,0.5,0.02,
0.36,0.29,-0.44,0.06,0.41,0.29,
0.35,0.02,-0.57,0.04,0.5,0.02,
0.36,0.29,-0.44,0.06,0.41,0.29,
0.35,0.02,-0.57,0.04,0.5,0.02,
0.36,0.29,-0.44,0.06,0.41,0.29,
0.35,0.02,-0.57,0.04,0.5,0.02,
0.36,0.29,-0.44,0.06,0.41,0.29,
0.35,0.02,-0.57,0.04,0.5,0.02,
0.36,0.29,-0.44,0.06,0.41,0.29,
0.35,0.02,-0.57,0.04,0.5,0.02,
0.31,0.24,-0.39,0.04,0.35,0.24,
0.35,0.02,-0.57,0.04,0.5,0.02,
0.31,0.24,-0.39,0.04,0.35,0.24,
0.35,0.02,-0.57,0.04,0.5,0.02,
0.31,0.24,-0.39,0.04,0.35,0.24,
0.35,0.02,-0.57,0.04,0.5,0.02,
0.31,0.24,-0.39,0.04,0.35,0.24,
0.35,0.02,-0.57,0.04,0.5,0.02,
0.31,0.24,-0.39,0.04,0.35,0.24,
0.35,0.02,-0.57,0.04,0.5,0.02,
0.31,0.24,-0.39,0.04,0.35,0.24,
0.35,0.02,-0.57,0.04,0.5,0.02,
0.31,0.24,-0.39,0.04,0.35,0.24,
0.35,0.02,-0.57,0.04,0.5,0.02,
0.31,0.24,-0.39,0.04,0.35,0.24,
0.35,0.02,-0.57,0.04,0.5,0.02,
0.31,0.24,-0.39,0.04,0.35,0.24,
0.35,0.02,-0.57,0.04,0.5,0.02,
0.31,0.24,-0.39,0.04,0.35,0.24,
0.35,0.02,-0.57,0.04,0.5,0.02,
0.31,0.24,-0.39,0.04,0.35,0.24,
0.35,0.02,-0.57,0.04,0.5,0.02,
0.31,0.24,-0.39,0.04,0.35,0.24,
0.35,0.02,-0.57,0.04,0.5,0.02,
0.31,0.24,-0.39,0.04,0.35,0.24,
0.35,0.02,-0.57,0.04,0.5,0.02,
0.31,0.24,-0.39,0.04,0.35,0.24,
0.35,0.02,-0.57,0.04,0.5,0.02,
0.31,0.24,-0.39,0.04,0.35,0.24,
0.35,0.02,-0.57,0.04,0.5,0.02,
0.31,0.24,-0.39,0.04,0.35,0.24,
0.35,0.02,-0.57,0.04,0.5,0.02,
0.31,0.24,-0.39,0.04,0.35,0.24,
0.35,0.02,-0.57,0.04,0.5,0.02,
0.31,0.24,-0.39,0.04,0.35,0.24,
0.35,0.02,-0.57,0.04,0.5,0.02,
0.31,0.24,-0.39,0.04,0.35,0.24,
0.35,0.02,-0.57,0.04,0.5,0.02,
0.31,0.24,-0.39,0.04,0.35,0.24,
0.35,0.02,-0.57,0.04,0.5,0.02,
0.31,0.24,-0.39,0.04,0.35,0.24,
0.35,0.02,-0.57,0.04,0.5,0.02,
0.31,0.24,-0.39,0.04,0.35,0.24,
0.35,0.02,-0.57,0.04,0.5,0.02,
0.31,0.24,-0.39,0.04,0.35,0.24,
0.35,0.02,-0.57,0.04,0.5,0.02,
0.31,0.24,-0.39,0.04,0.35,0.24,
0.35,0.02,-0.57,0.04,0.5,0.02,
0.31,0.24,-0.39,0.04,0.35,0.24,
0.35,0.02,-0.57,0.04,0.5,0.02,
0.31,0.24,-0.39,0.04,0.35,0.24,
0.35,0.02,-0.57,0.04,0.5,0.02,
0.31,0.24,-0.39,0.04,0.35,0.24,
0.35,0.02,-0.57,0.04,0.5,0.02,
0.31,0.24,-0.39,0.04,0.35,0.24,
0.35,0.02,-0.57,0.04,0.5,0.02,
0.31,0.24,-0.39,0.04,0.35,0.24,
0.35,0.02,-0.57,0.04,0.5,0.02,
0.31,0.24,-0.39,0.04,0.35,0.24,
0.35,0.02,-0.57,0.04,0.5,0.02,
0.31,0.24,-0.39,0.04,0.35,0.24,
0.35,0.02,-0.57,0.04,0.5,0.02,
0.31,0.24,-0.39,0.04,0.35,0.24,
0.35,0.02,-0.57,0.04,0.5,0.02,
0.31,0.24,-0.39,0.04,0.35,0.24,
0.35,0.02,-0.57,0.04,0.5,0.02,
0.31,0.24,-0.39,0.04,0.35,0.24,
0.35,0.02,-0.57,0.04,0.5,0.02,
0.31,0.24,-0.39,0.04,0.35,0.24,
0.35,0.02,-0.57,0.04,0.5,0.02,
0.31,0.24,-0.39,0.04,0.35,0.24,
0.35,0.02,-0.57,0.04,0.5,0.02,
0.31,0.24,-0.39,0.04,0.35,0.24,
0.35,0.02,-0.57,0.04,0.5,0.02,
0.31,0.24,-0.39,0.04,0.35,0.24,
0.35,0.02,-0.57,0.04,0.5,0.02,
0.31,0.24,-0.39,0.04,0.35,0.24,
0.35,0.02,-0.57,0.04,0.5,0.02,
0.31,0.24,-0.39,0.04,0.35,0.24,
0.35,0.02,-0.57,0.04,0.5,0.02,
0.31,0.24,-0.39,0.04,0.35,0.24,
0.35,0.02,-0.57,0.04,0.5,0.02,
0.31,0.24,-0.39,0.04,0.35,0.24,
0.35,0.02,-0.57,0.04,0.5,0.02,
0.31,0.24,-0.39,0.04,0.35,0.24,
0.35,0.02,-0.57,0.04,0.5,0.02,
0.31,0.24,-0.39,0.04,0.35,0.24,
0.35,0.02,-0.57,0.04,0.5,0.02,
0.31,0.24,-0.39,0.04,0.35,0.24,
0.35,0.02,-0.57,0.04,0.5,0.02,
0.31,0.24,-0.39,0.04,0.35,0.24,
0.35,0.02,-0.57,0.04,0.5,0.02,
0.31,0.24,-0.39,0.04,0.35,0.24,
0.35,0.02,-0.57,0.04,0.5,0.02,
0.31,0.24,-0.39,0.04,0.35,0.24,
0.35,0.02,-0.57,0.04,0.5,0.02,
0.31,0.24,-0.39,0.04,0.35,0.24,
0.35,0.02,-0.57,0.04,0.5,0.02,
0.31,0.24,-0.39,0.04,0.35,0.24,
0.35,0.02,-0.57,0.04,0.5,0.02,
0.31,0.24,-0.39,0.04,0.35,0.24,
0.35,0.02,-0.57,0.04,0.5,0.02,
0.31,0.24,-0.39,0.04,0.35,0.24,
0.35,0.02,-0.57,0.04,0.5,0.02,
0.31,0.24,-0.39,0.04,0.35,0.24,
0.35,0.02,-0.57,0.04,0.5,0.02,
0.31,0.24,-0.39,0.04,0.35,0.24,
0.35,0.02,-0.57,0.04,0.5,0.02,
0.31,0.24,-0.39,0.04,0.35,0.24,
0.35,0.02,-0.57,0.04,0.5,0.02,
0.31,0.24,-0.39,0.04,0.35,0.24,
0.35,0.02,-0.57,0.04,0.5,0.02,
0.31,0.24,-0.39,0.04,0.35,0.24,
0.35,0.02,-0.57,0.04,0.5,0.02,
0.31,0.24,-0.39,0.04,0.35,0.24,
0.35,0.02,-0.57,0.04,0.5,0.02,
0.31,0.24,-0.39,0.04,0.35,0.24,
0.35,0.02,-0.57,0.04,0.5,0.02,
0.31,0.24,-0.39,0.04,0.35,0.24,
0.35,0.02,-0.57,0.04,0.5,0.02,
0.31,0.24,-0.39,0.04,0.35,0.24,
0.35,0.02,-0.57,0.04,0.5,0.02,
0.31,0.24,-0.39,0.04,0.35,0.24,
12.10.2021 19:59:38:220,TP97753,C BOT_moral,Spawned,5,2, 1,1, 0,4,
12.10.2021 19:59:38:221,TP97753,A BOT_moral,Spawned,-4,2, 1,1, 0,4,
12.10.2021 19:59:38:222,TP97753,B,Spawned,6,1, 1,1, 5,0,
12.10.2021 19:59:38:237,TP97753,A BOT_moral,exitTP,6,1, 0,5, 5,0,
12.10.2021 19:59:38:240,TP97753,C BOT_moral,exitTP,-5,3, 0,5, -3,8,
0.35,0.02,-0.57,0.04,0.5,0.02,
0.31,0.24,-0.39,0.04,0.35,0.24,
0.35,0.02,-0.57,0.04,0.5,0.02,
0.31,0.24,-0.39,0.04,0.35,0.24,
0.35,0.02,-0.57,0.04,0.5,0.02,
0.31,0.24,-0.39,0.04,0.35,0.24,
0.35,0.02,-0.57,0.04,0.5,0.02,
0.31,0.24,-0.39,0.04,0.35,0.24,
0.35,0.02,-0.57,0.04,0.5,0.02,
0.31,0.24,-0.39,0.04,0.35,0.24,
0.35,0.02,-0.57,0.04,0.5,0.02,
0.31,0.24,-0.39,0.04,0.35,0.24,
0.35,0.02,-0.57,0.04,0.5,0.02,
0.31,0.24,-0.39,0.04,0.35,0.24,
0.35,0.02,-0.57,0.04,0.5,0.02,
0.31,0.24,-0.39,0.04,0.35,0.24,
0.35,0.02,-0.57,0.04,0.5,0.02,
0.31,0.24,-0.39,0.04,0.35,0.24,
0.35,0.02,-0.57,0.04,0.5,0.02,
0.31,0.24,-0.39,0.04,0.35,0.24,
0.35,0.02,-0.57,0.04,0.5,0.02,
0.31,0.24,-0.39,0.04,0.35,0.24,
0.35,0.02,-0.57,0.04,0.5,0.02,
0.31,0.24,-0.39,0.04,0.35,0.24,
0.35,0.02,-0.57,0.04,0.5,0.02,
0.31,0.24,-0.39,0.04,0.35,0.24,
0.35,0.02,-0.57,0.04,0.5,0.02,
0.31,0.24,-0.39,0.04,0.35,0.24,
0.35,0.02,-0.57,0.04,0.5,0.02,
0.31,0.24,-0.39,0.04,0.35,0.24,
0.35,0.02,-0.57,0.04,0.5,0.02,
0.31,0.24,-0.39,0.04,0.35,0.24,
0.35,0.02,-0.57,0.04,0.5,0.02,
0.31,0.24,-0.39,0.04,0.35,0.24,
0.35,0.02,-0.57,0.04,0.5,0.02,
0.31,0.24,-0.39,0.04,0.35,0.24,
0.35,0.02,-0.57,0.04,0.5,0.02,
0.31,0.24,-0.39,0.04,0.35,0.24,
0.35,0.02,-0.57,0.04,0.5,0.02,
0.31,0.24,-0.39,0.04,0.35,0.24,
0.35,0.02,-0.57,0.04,0.5,0.02,
0.31,0.24,-0.39,0.04,0.35,0.24,
0.35,0.02,-0.57,0.04,0.5,0.02,
0.31,0.24,-0.39,0.04,0.35,0.24,
0.35,0.02,-0.57,0.04,0.5,0.02,
0.31,0.24,-0.39,0.04,0.35,0.24,
0.35,0.02,-0.57,0.04,0.5,0.02,
0.31,0.24,-0.39,0.04,0.35,0.24,
0.35,0.02,-0.57,0.04,0.5,0.02,
0.31,0.24,-0.39,0.04,0.35,0.24,
0.35,0.02,-0.57,0.04,0.5,0.02,
0.31,0.24,-0.39,0.04,0.35,0.24,
0.35,0.02,-0.57,0.04,0.5,0.02,
0.31,0.24,-0.39,0.04,0.35,0.24,
0.35,0.02,-0.57,0.04,0.5,0.02,
0.31,0.24,-0.39,0.04,0.35,0.24,
0.35,0.02,-0.57,0.04,0.5,0.02,
0.31,0.24,-0.39,0.04,0.35,0.24,
0.35,0.02,-0.57,0.04,0.5,0.02,
0.31,0.24,-0.39,0.04,0.35,0.24,
0.35,0.02,-0.57,0.04,0.5,0.02,
0.31,0.24,-0.39,0.04,0.35,0.24,
0.35,0.02,-0.57,0.04,0.5,0.02,
0.31,0.24,-0.39,0.04,0.35,0.24,
0.35,0.02,-0.57,0.04,0.5,0.02,
0.31,0.24,-0.39,0.04,0.35,0.24,
0.35,0.02,-0.57,0.04,0.5,0.02,
0.31,0.24,-0.39,0.04,0.35,0.24,
0.35,0.02,-0.57,0.04,0.5,0.02,
0.31,0.24,-0.39,0.04,0.35,0.24,
0.35,0.02,-0.57,0.04,0.5,0.02,
0.31,0.24,-0.39,0.04,0.35,0.24,
0.35,0.02,-0.57,0.04,0.5,0.02,
0.31,0.24,-0.39,0.04,0.35,0.24,
0.35,0.02,-0.57,0.04,0.5,0.02,
0.31,0.24,-0.39,0.04,0.35,0.24,
0.35,0.02,-0.57,0.04,0.5,0.02,
0.31,0.24,-0.39,0.04,0.35,0.24,
0.35,0.02,-0.57,0.04,0.5,0.02,
0.31,0.24,-0.39,0.04,0.35,0.24,
0.35,0.02,-0.57,0.04,0.5,0.02,
0.31,0.24,-0.39,0.04,0.35,0.24,
0.35,0.02,-0.57,0.04,0.5,0.02,
0.31,0.24,-0.39,0.04,0.35,0.24,
0.35,0.02,-0.57,0.04,0.5,0.02,
0.31,0.24,-0.39,0.04,0.35,0.24,
0.35,0.02,-0.57,0.04,0.5,0.02,
0.31,0.24,-0.39,0.04,0.35,0.24,
0.35,0.02,-0.57,0.04,0.5,0.02,
0.31,0.24,-0.39,0.04,0.35,0.24,
0.35,0.02,-0.57,0.04,0.5,0.02,
0.31,0.24,-0.39,0.04,0.35,0.24,
0.35,0.02,-0.57,0.04,0.5,0.02,
0.31,0.24,-0.39,0.04,0.35,0.24,
0.35,0.02,-0.57,0.04,0.5,0.02,
0.31,0.24,-0.39,0.04,0.35,0.24,
0.35,0.02,-0.57,0.04,0.5,0.02,
0.31,0.24,-0.39,0.04,0.35,0.24,
0.35,0.02,-0.57,0.04,0.5,0.02,
0.31,0.24,-0.39,0.04,0.35,0.24,
0.35,0.02,-0.57,0.04,0.5,0.02,
0.31,0.24,-0.39,0.04,0.35,0.24,
0.35,0.02,-0.57,0.04,0.5,0.02,
0.31,0.24,-0.39,0.04,0.35,0.24,
0.35,0.02,-0.57,0.04,0.5,0.02,
0.31,0.24,-0.39,0.04,0.35,0.24,
0.35,0.02,-0.57,0.04,0.5,0.02,
0.31,0.24,-0.39,0.04,0.35,0.24,
0.35,0.02,-0.57,0.04,0.5,0.02,
0.31,0.24,-0.39,0.04,0.35,0.24,
0.35,0.02,-0.57,0.04,0.5,0.02,
0.31,0.24,-0.39,0.04,0.35,0.24,
0.35,0.02,-0.57,0.04,0.5,0.02,
0.31,0.24,-0.39,0.04,0.35,0.24,
0.35,0.02,-0.57,0.04,0.5,0.02,
0.31,0.24,-0.39,0.04,0.35,0.24,
0.35,0.02,-0.57,0.04,0.5,0.02,
0.31,0.24,-0.39,0.04,0.35,0.24,
0.35,0.02,-0.57,0.04,0.5,0.02,
0.31,0.24,-0.39,0.04,0.35,0.24,
0.35,0.02,-0.57,0.04,0.5,0.02,
0.31,0.24,-0.39,0.04,0.35,0.24,
0.35,0.02,-0.57,0.04,0.5,0.02,
0.31,0.24,-0.39,0.04,0.35,0.24,
0.35,0.02,-0.57,0.04,0.5,0.02,
0.31,0.24,-0.39,0.04,0.35,0.24,
0.35,0.02,-0.57,0.04,0.5,0.02,
0.31,0.24,-0.39,0.04,0.35,0.24,
0.35,0.02,-0.57,0.04,0.5,0.02,
0.31,0.24,-0.39,0.04,0.35,0.24,
0.35,0.02,-0.57,0.04,0.5,0.02,
0.31,0.24,-0.39,0.04,0.35,0.24,
0.35,0.02,-0.57,0.04,0.5,0.02,
0.31,0.24,-0.39,0.04,0.35,0.24,
0.35,0.02,-0.57,0.04,0.5,0.02,
0.31,0.24,-0.39,0.04,0.35,0.24,
0.35,0.02,-0.57,0.04,0.5,0.02,
0.31,0.24,-0.39,0.04,0.35,0.24,
12.10.2021 19:59:45:69,TP97753,C BOT_moral,Greet,-5,3, 1,1, -3,8,6,1, 1,1, 5,0,A BOT_moral
0.35,0.02,-0.57,0.04,0.5,0.02,
0.31,0.24,-0.39,0.04,0.35,0.24,
0.35,0.02,-0.57,0.04,0.5,0.02,
0.31,0.24,-0.39,0.04,0.35,0.24,
0.35,0.02,-0.57,0.04,0.5,0.02,
0.31,0.24,-0.39,0.04,0.35,0.24,
0.35,0.02,-0.57,0.04,0.5,0.02,
0.31,0.24,-0.39,0.04,0.35,0.24,
0.35,0.02,-0.57,0.04,0.5,0.02,
0.31,0.24,-0.39,0.04,0.35,0.24,
0.35,0.02,-0.57,0.04,0.5,0.02,
0.31,0.24,-0.39,0.04,0.35,0.24,
0.35,0.02,-0.57,0.04,0.5,0.02,
0.31,0.24,-0.39,0.04,0.35,0.24,
0.35,0.02,-0.57,0.04,0.5,0.02,
0.31,0.24,-0.39,0.04,0.35,0.24,
0.35,0.02,-0.57,0.04,0.5,0.02,
0.31,0.24,-0.39,0.04,0.35,0.24,
0.35,0.02,-0.57,0.04,0.5,0.02,
0.31,0.24,-0.39,0.04,0.35,0.24,
0.35,0.02,-0.57,0.04,0.5,0.02,
0.31,0.24,-0.39,0.04,0.35,0.24,
0.35,0.02,-0.57,0.04,0.5,0.02,
0.31,0.24,-0.39,0.04,0.35,0.24,
0.35,0.02,-0.57,0.04,0.5,0.02,
0.31,0.24,-0.39,0.04,0.35,0.24,
0.35,0.02,-0.57,0.04,0.5,0.02,
0.31,0.24,-0.39,0.04,0.35,0.24,
0.35,0.02,-0.57,0.04,0.5,0.02,
0.31,0.24,-0.39,0.04,0.35,0.24,
0.35,0.02,-0.57,0.04,0.5,0.02,
0.31,0.24,-0.39,0.04,0.35,0.24,
0.35,0.02,-0.57,0.04,0.5,0.02,
0.31,0.24,-0.39,0.04,0.35,0.24,
0.35,0.02,-0.57,0.04,0.5,0.02,
0.31,0.24,-0.39,0.04,0.35,0.24,
0.35,0.02,-0.57,0.04,0.5,0.02,
0.31,0.24,-0.39,0.04,0.35,0.24,
0.35,0.02,-0.57,0.04,0.5,0.02,
0.31,0.24,-0.39,0.04,0.35,0.24,
